v 13.501682 -3.954308 2.6
v 13.501682 -2.362505 2.6
v 13.481363 -2.362505 2.6
newmtl 1
Ka 0.25098039215686274 0.25098039215686274 0.25098039215686274
Kd 0.25098039215686274 0.25098039215686274 0.25098039215686274
Ks 0.12549019607843137 0.12549019607843137 0.12549019607843137
d 0.0
endmtl
v 13.869363 -4.835901 2.6
v 13.861652 -4.836715 2.6
v 13.943449 -4.836715 2.6
v 11.929719 -4.983346 2.6
v 11.90222 -4.970986 2.6
v 0.894367 -4.970986 2.6
v 12.860809 -4.221203 2.6
v 12.92627 -4.276401 2.6
v 13.155103 -3.954308 2.6
v 13.155103 -4.298987 2.6
v 12.540095 -3.919276 2.6
v 12.592199 -3.954308 2.6
v 12.647574 -3.991539 2.6
v 12.727056 -4.083411 2.6
v 12.777713 -4.181928 2.6
v 12.789045 -4.185728 2.6
v 12.419156 -3.876657 2.6
v 13.155103 -2.362505 2.6
v 12.319818 -3.86622 2.6
v 12.200487 -3.880932 2.6
v 12.089366 -3.92381 2.6
v 0.894367 -2.362505 2.6
v 12.040146 -3.954308 2.6
v 0.894367 -3.954308 2.6
v 12.030621 -3.960209 2.6
v 11.774001 -4.073211 2.6
v 11.869151 -4.061429 2.6
v 11.973986 -4.00871 2.6
v 11.896867 -4.062935 2.6
v 11.924581 -4.066248 2.6
v 11.592004 -4.177107 2.6
v 11.608112 -4.161852 2.6
v 11.68474 -4.107924 2.6
v 0.894367 -4.298987 2.6
v 0.894367 -4.398371 2.6
v 11.484853 -4.398371 2.6
v 11.495488 -4.338514 2.6
v 11.512963 -4.298987 2.6
v 11.533869 -4.251704 2.6
v 11.742001 -4.820999 2.6
v 11.654936 -4.778513 2.6
v 0.894367 -4.836715 2.6
v 11.579954 -4.714533 2.6
v 11.525134 -4.636361 2.6
v 11.490501 -4.546665 2.6
v 11.478735 -4.451845 2.6
v 11.479394 -4.4291 2.6
v 11.772752 -4.830212 2.6
v 11.775695 -4.836715 2.6
v 11.793939 -4.877032 2.6
v 11.828588 -4.922006 2.6
v 11.874846 -4.958683 2.6
v 12.103089 -4.970986 2.6
v 12.053519 -4.988443 2.6
v 13.155103 -5.78 2.6
v 12.001699 -4.99409 2.6
v 11.986352 -4.993617 2.6
v 0.894367 -5.78 2.6
v 12.227247 -4.836715 2.6
v 12.226507 -4.839717 2.6
v 13.155103 -4.970986 2.6
v 12.197461 -4.89323 2.6
v 12.156551 -4.937393 2.6
v 12.107769 -4.969338 2.6
v 13.005144 -4.418462 2.6
v 13.016301 -4.497635 2.6
v 13.155103 -4.398371 2.6
v 12.535243 -4.694542 2.6
v 12.55178 -4.68801 2.6
v 12.580095 -4.550654 2.6
v 12.182448 -4.591624 2.6
v 12.505386 -4.422925 2.6
v 12.144653 -4.556407 2.6
v 12.094363 -4.527936 2.6
v 12.520423 -4.705045 2.6
v 12.927132 -4.726583 2.6
v 12.86176 -4.781959 2.6
v 13.155103 -4.836715 2.6
v 12.865866 -4.480432 2.6
v 12.854918 -4.434042 2.6
v 12.836051 -4.398371 2.6
v 11.635865 -4.398371 2.6
v 12.97515 -4.65961 2.6
v 12.570455 -4.685613 2.6
v 12.572801 -4.685783 2.6
v 12.58003 -4.687384 2.6
v 13.005342 -4.58327 2.6
v 11.6341 -4.488129 2.6
v 11.805582 -4.611507 2.6
v 11.630563 -4.447025 2.6
v 11.846497 -4.567151 2.6
v 11.896667 -4.534215 2.6
v 12.495746 -4.760322 2.6
v 12.496358 -4.750811 2.6
v 12.242698 -4.728992 2.6
v 12.501198 -4.732469 2.6
v 12.510466 -4.716027 2.6
v 11.65246 -4.547 2.6
v 11.684482 -4.598455 2.6
v 11.778111 -4.661146 2.6
v 11.728963 -4.64129 2.6
v 11.775162 -4.668743 2.6
v 12.552058 -4.832844 2.6
v 12.536117 -4.826569 2.6
v 12.520488 -4.815456 2.6
v 12.514886 -4.809754 2.6
v 12.504381 -4.794615 2.6
v 12.498033 -4.778273 2.6
v 12.241154 -4.780359 2.6
v 12.242698 -4.753092 2.6
v 11.950329 -4.515316 2.6
v 12.001699 -4.509685 2.6
v 12.036734 -4.512175 2.6
v 12.818586 -4.626826 2.6
v 12.844913 -4.589114 2.6
v 12.861316 -4.546085 2.6
v 12.866882 -4.500044 2.6
v 12.788248 -4.817997 2.6
v 12.707824 -4.835032 2.6
v 12.565635 -4.835032 2.6
v 12.584914 -4.688023 2.6
v 12.693364 -4.688023 2.6
v 12.733919 -4.68057 2.6
v 12.776761 -4.661508 2.6
v 12.812845 -4.632929 2.6
v 11.655315 -4.340956 2.6
v 11.63621 -4.395205 2.6
v 12.659624 -4.312067 2.6
v 12.678905 -4.312067 2.6
v 12.83281 -4.392243 2.6
v 12.80382 -4.359704 2.6
v 12.766386 -4.333701 2.6
v 12.724288 -4.317608 2.6
v 12.606991 -4.166231 2.6
v 12.552399 -4.101498 2.6
v 11.99929 -4.242177 2.6
v 12.547544 -4.097086 2.6
v 12.47988 -4.05001 2.6
v 12.036263 -4.165705 2.6
v 11.682799 -4.298987 2.6
v 11.975585 -4.229654 2.6
v 12.656723 -4.298987 2.6
v 12.644466 -4.243734 2.6
v 11.921377 -4.211486 2.6
v 11.871561 -4.206028 2.6
v 11.844295 -4.207572 2.6
v 12.090372 -4.101171 2.6
v 12.404336 -4.020961 2.6
v 12.15452 -4.054301 2.6
v 12.322227 -4.010819 2.6
v 12.233201 -4.022328 2.6
v 11.784937 -4.222219 2.6
v 11.731423 -4.251264 2.6
v 11.687261 -4.292174 2.6
v 12.942527 -4.298987 2.6
v 12.975564 -4.344889 2.6
v 12.997066 -4.398371 2.6
v 14.571333 -4.203416 2.6
v 14.446952 -4.203416 2.6
v 14.605905 -4.296128 2.6
v 14.446952 -4.298987 2.6
v 14.654254 -4.296128 2.6
v 16.5 -4.298987 2.6
v 16.5 -3.954308 2.6
v 14.52515 -3.957167 2.6
v 14.446952 -3.954308 2.6
v 14.430185 -4.203416 2.6
v 14.397606 -4.296128 2.6
v 14.339857 -4.298987 2.6
v 14.349257 -4.296128 2.6
v 14.339857 -3.954308 2.6
v 14.446952 -4.039632 2.6
v 14.478361 -3.957167 2.6
v 13.943449 -4.143457 2.6
v 13.851907 -4.143457 2.6
v 13.943449 -4.257483 2.6
v 13.851907 -4.257483 2.6
v 14.02247 -3.954308 2.6
v 13.943449 -3.954308 2.6
v 13.982743 -3.957167 2.6
v 13.943449 -3.957167 2.6
v 13.973125 -4.143457 2.6
v 13.990455 -4.257483 2.6
v 13.973125 -4.10464 2.6
v 13.982743 -3.996158 2.6
v 13.943449 -4.10464 2.6
v 13.943449 -3.996158 2.6
v 13.851907 -3.996158 2.6
v 13.851907 -4.10464 2.6
v 13.808151 -4.296128 2.6
v 13.788525 -4.298987 2.6
v 13.943449 -4.298987 2.6
v 14.02247 -4.298987 2.6
v 13.990455 -4.296128 2.6
v 13.943449 -4.296128 2.6
v 13.808151 -3.957167 2.6
v 13.788525 -3.954308 2.6
v 13.694792 -3.954308 2.6
v 13.706939 -3.955398 2.6
v 13.740307 -3.965312 2.6
v 13.740307 -4.011061 2.6
v 13.740307 -4.240154 2.6
v 13.740307 -4.282091 2.6
v 13.702569 -4.295919 2.6
v 13.673532 -4.298987 2.6
v 13.667016 -4.262381 2.6
v 13.70561 -4.255542 2.6
v 13.532464 -4.133625 2.6
v 13.532441 -4.13046 2.6
v 13.563774 -4.033369 2.6
v 13.547917 -4.057447 2.6
v 13.537107 -4.087575 2.6
v 13.700372 -3.995507 2.6
v 13.660418 -3.990959 2.6
v 13.645406 -3.991651 2.6
v 13.616179 -3.997689 2.6
v 13.537793 -4.175237 2.6
v 13.54846 -4.202855 2.6
v 13.565714 -4.227157 2.6
v 13.596635 -4.250498 2.6
v 13.621229 -4.259372 2.6
v 13.652793 -4.262856 2.6
v 13.734947 -4.008207 2.6
v 13.58971 -4.010422 2.6
v 13.568053 -4.028563 2.6
v 13.57404 -4.235235 2.6
v 13.57597 -3.970935 2.6
v 13.611463 -3.957278 2.6
v 13.636189 -3.954308 2.6
v 13.659985 -3.951448 2.6
v 13.788525 -2.362505 2.6
v 13.663098 -3.951463 2.6
v 13.501682 -4.054893 2.6
v 13.511944 -4.031697 2.6
v 13.535475 -4.001357 2.6
v 13.543143 -3.993997 2.6
v 13.487305 -4.112819 2.6
v 13.49542 -4.069047 2.6
v 13.481363 -3.954308 2.6
v 13.501682 -4.210227 2.6
v 13.492402 -4.185092 2.6
v 13.481363 -4.298987 2.6
v 13.486519 -4.133059 2.6
v 13.587412 -4.292691 2.6
v 13.555677 -4.277196 2.6
v 13.501682 -4.298987 2.6
v 13.530015 -4.255578 2.6
v 13.525457 -4.250513 2.6
v 13.505714 -4.221146 2.6
v 13.616177 -4.298987 2.6
v 13.501682 -4.398371 2.6
v 13.623769 -4.300649 2.6
v 13.646468 -4.301847 2.6
v 13.788525 -4.398371 2.6
v 12.690001 -0.85879 2.6
v 12.690001 4.72121 2.6
v 13.155103 5.78 2.6
v 0.894367 4.72121 2.6
v 0.894367 5.78 2.6
v -9.69 4.72121 2.6
v -13.5 5.78 2.6
v -9.69 -0.85879 2.6
v -13.5 -2.362505 2.6
v 0.894367 -0.85879 2.6
v 14.209757 -3.954308 2.6
v 14.209757 -3.965528 2.6
v 14.242173 -3.976979 2.6
v 14.320518 -4.185673 2.6
v 14.303349 -4.22046 2.6
v 14.279334 -4.002049 2.6
v 14.290898 -4.013319 2.6
v 14.311981 -4.042754 2.6
v 14.209757 -4.286999 2.6
v 14.209757 -4.298987 2.6
v 14.240339 -4.275899 2.6
v 14.279334 -4.248646 2.6
v 14.273499 -4.253842 2.6
v 14.324638 -4.074965 2.6
v 14.330456 -4.122315 2.6
v 14.329183 -4.146377 2.6
v 14.151184 -3.957167 2.6
v 14.201001 -3.962435 2.6
v 14.20084 -4.290235 2.6
v 14.147718 -4.296128 2.6
v 14.054486 -4.296128 2.6
v 14.054486 -3.957167 2.6
v 13.632719 -4.830931 2.6
v 13.616713 -4.836715 2.6
v 13.66891 -4.833856 2.6
v 13.534301 -4.718103 2.6
v 13.5405 -4.649992 2.6
v 13.525724 -4.730195 2.6
v 13.519802 -4.745096 2.6
v 13.64776 -4.82093 2.6
v 13.568216 -4.836626 2.6
v 13.551937 -4.830489 2.6
v 13.501682 -4.836715 2.6
v 13.524071 -4.802653 2.6
v 13.518935 -4.78829 2.6
v 13.5405 -4.608748 2.6
v 13.551776 -4.602366 2.6
v 13.667527 -4.594049 2.6
v 13.77589 -4.628247 2.6
v 13.78378 -4.616771 2.6
v 13.547463 -4.70687 2.6
v 13.565823 -4.697642 2.6
v 13.56765 -4.632587 2.6
v 13.597166 -4.690023 2.6
v 13.634251 -4.622212 2.6
v 13.619868 -4.620706 2.6
v 13.594176 -4.623421 2.6
v 13.53764 -4.820513 2.6
v 13.532892 -4.8157 2.6
v 13.66891 -4.796425 2.6
v 13.667783 -4.796425 2.6
v 13.661168 -4.806493 2.6
v 13.681599 -4.602148 2.6
v 13.692891 -4.613021 2.6
v 13.770835 -4.641916 2.6
v 13.701548 -4.626805 2.6
v 13.708162 -4.646247 2.6
v 13.583816 -4.590699 2.6
v 13.623854 -4.58622 2.6
v 13.649696 -4.588582 2.6
v 13.516845 -4.769044 2.6
v 13.516995 -4.763281 2.6
v 13.78815 -4.702659 2.6
v 13.768899 -4.781521 2.6
v 13.788525 -4.702907 2.6
v 13.7855 -4.791787 2.6
v 13.788525 -4.792926 2.6
v 13.781204 -4.695395 2.6
v 13.775667 -4.686546 2.6
v 13.711367 -4.678066 2.6
v 13.770986 -4.673582 2.6
v 13.76916 -4.657097 2.6
v 13.66891 -4.679972 2.6
v 13.667433 -4.661199 2.6
v 13.663043 -4.646081 2.6
v 13.658054 -4.637338 2.6
v 13.651635 -4.63051 2.6
v 13.644098 -4.625652 2.6
v 13.615505 -4.837152 2.6
v 13.788525 -4.970986 2.6
v 13.501682 -4.970986 2.6
v 13.593615 -4.839575 2.6
v 13.568991 -4.836715 2.6
v 13.768899 -4.825365 2.6
v 13.711367 -4.833856 2.6
v 13.788525 -4.832214 2.6
v 13.788525 -4.836715 2.6
v 13.799279 -4.835967 2.6
v 13.806602 -4.836715 2.6
v 13.834578 -4.839575 2.6
v 13.943449 -4.970986 2.6
v 13.920791 -4.596964 2.6
v 13.920791 -4.638208 2.6
v 13.796367 -4.605456 2.6
v 13.808953 -4.597936 2.6
v 13.930382 -4.785064 2.6
v 13.925169 -4.798519 2.6
v 13.917254 -4.809716 2.6
v 13.788525 -4.612505 2.6
v 13.832245 -4.589609 2.6
v 13.863431 -4.58622 2.6
v 13.943449 -4.398371 2.6
v 13.886838 -4.58782 2.6
v 13.918191 -4.727974 2.6
v 13.926116 -4.739669 2.6
v 13.930647 -4.752188 2.6
v 13.932402 -4.768004 2.6
v 13.905107 -4.820339 2.6
v 13.892557 -4.827778 2.6
v 13.859272 -4.620706 2.6
v 13.846704 -4.621648 2.6
v 13.812917 -4.653285 2.6
v 13.835346 -4.624655 2.6
v 13.825827 -4.629717 2.6
v 13.813303 -4.658933 2.6
v 13.814987 -4.665527 2.6
v 13.818046 -4.671256 2.6
v 13.822187 -4.675813 2.6
v 13.837156 -4.685171 2.6
v 13.887154 -4.623874 2.6
v 13.863431 -4.696608 2.6
v 13.911099 -4.632655 2.6
v 13.87987 -4.703259 2.6
v 13.908068 -4.718942 2.6
v 13.819421 -4.635378 2.6
v 13.815781 -4.640781 2.6
v 13.813684 -4.646513 2.6
v 13.812118 -4.801805 2.6
v 13.833451 -4.727454 2.6
v 13.808145 -4.715854 2.6
v 13.838737 -4.804916 2.6
v 13.840612 -4.804904 2.6
v 13.86133 -4.73913 2.6
v 13.862376 -4.802465 2.6
v 13.888818 -4.772164 2.6
v 13.888403 -4.766882 2.6
v 13.873332 -4.798456 2.6
v 13.877203 -4.796107 2.6
v 13.882074 -4.791782 2.6
v 13.885781 -4.786302 2.6
v 13.887939 -4.780263 2.6
v 13.886473 -4.760253 2.6
v 13.883191 -4.754625 2.6
v 13.877901 -4.749116 2.6
v 14.142866 -4.591766 2.6
v 14.186882 -4.591766 2.6
v 14.209757 -4.398371 2.6
v 14.06523 -4.773724 2.6
v 14.07043 -4.793653 2.6
v 14.071556 -4.793653 2.6
v 14.02247 -4.398371 2.6
v 14.02247 -4.650715 2.6
v 14.076755 -4.77407 2.6
v 14.073505 -4.785356 2.6
v 14.02247 -4.764678 2.6
v 13.954496 -4.591766 2.6
v 14.001979 -4.591766 2.6
v 14.048031 -4.836715 2.6
v 14.049461 -4.833336 2.6
v 14.02247 -4.892655 2.6
v 14.022528 -4.892592 2.6
v 14.02247 -4.836715 2.6
v 14.030832 -4.877353 2.6
v 13.963247 -4.906639 2.6
v 13.963247 -4.944417 2.6
v 13.971933 -4.909486 2.6
v 13.987335 -4.911491 2.6
v 13.99753 -4.910349 2.6
v 14.02247 -4.940314 2.6
v 14.007781 -4.94591 2.6
v 14.02247 -4.970986 2.6
v 13.990627 -4.947883 2.6
v 13.981256 -4.947546 2.6
v 14.006828 -4.906863 2.6
v 14.014621 -4.901453 2.6
v 14.077014 -4.870421 2.6
v 14.057795 -4.907853 2.6
v 14.209757 -4.970986 2.6
v 14.090304 -4.836715 2.6
v 14.042258 -4.926511 2.6
v 14.039364 -4.929164 2.6
v 14.024534 -4.939528 2.6
v 14.339857 -4.681185 2.6
v 14.276388 -4.681185 2.6
v 14.339857 -4.795212 2.6
v 14.276388 -4.795212 2.6
v 14.407224 -4.494895 2.6
v 14.407224 -4.533886 2.6
v 14.446952 -4.398371 2.6
v 14.414936 -4.795212 2.6
v 14.446952 -4.836715 2.6
v 14.414936 -4.833856 2.6
v 14.339857 -4.836715 2.6
v 14.397606 -4.681185 2.6
v 14.397606 -4.642367 2.6
v 14.339857 -4.642367 2.6
v 14.339857 -4.533886 2.6
v 14.276388 -4.533886 2.6
v 14.276388 -4.642367 2.6
v 14.339857 -4.833856 2.6
v 14.232632 -4.833856 2.6
v 14.209757 -4.836715 2.6
v 14.232632 -4.494895 2.6
v 14.339857 -4.494895 2.6
v 14.339857 -4.398371 2.6
v 13.481363 5.78 2.6
v 13.501682 5.78 2.6
v 13.788525 5.78 2.6
v 13.943449 -2.362505 2.6
v 13.943449 5.78 2.6
v 14.02247 -2.362505 2.6
v 14.02247 5.78 2.6
v 14.209757 -2.362505 2.6
v 14.209757 5.78 2.6
v 14.339857 -2.362505 2.6
v 14.339857 5.78 2.6
v 14.446952 -2.362505 2.6
v 14.446952 5.78 2.6
v 16.5 -2.362505 2.6
v 16.5 5.78 2.6
v 13.472655 -4.257483 2.6
v 13.472655 -4.296128 2.6
v 13.293903 -4.296128 2.6
v 13.293903 -3.957167 2.6
v 13.33766 -3.957167 2.6
v 13.33766 -4.257483 2.6
v 13.481363 -4.398371 2.6
v 14.822088 -4.833856 2.6
v 14.77374 -4.833856 2.6
v 15.030386 -4.833856 2.6
v 14.995814 -4.741144 2.6
v 14.854667 -4.741144 2.6
v 15.078734 -4.833856 2.6
v 16.5 -4.836715 2.6
v 14.949632 -4.494895 2.6
v 16.5 -4.398371 2.6
v 14.749119 -4.612694 2.6
v 14.754937 -4.660043 2.6
v 14.902843 -4.494895 2.6
v 14.753664 -4.684105 2.6
v 14.745001 -4.723401 2.6
v 14.727831 -4.758188 2.6
v 14.703815 -4.786374 2.6
v 14.69798 -4.79157 2.6
v 14.664821 -4.813628 2.6
v 14.478968 -4.494895 2.6
v 14.478968 -4.833856 2.6
v 14.5722 -4.833856 2.6
v 14.625321 -4.827963 2.6
v 14.575665 -4.494895 2.6
v 14.625483 -4.500163 2.6
v 14.666655 -4.514707 2.6
v 14.703815 -4.539778 2.6
v 14.715379 -4.551047 2.6
v 14.736463 -4.580482 2.6
v 13.481363 -4.836715 2.6
v 13.293903 -4.833856 2.6
v 13.476208 -4.833856 2.6
v 13.476208 -4.795212 2.6
v 13.468496 -4.533886 2.6
v 13.293903 -4.494895 2.6
v 13.468496 -4.494895 2.6
v 13.33766 -4.681185 2.6
v 13.33766 -4.795212 2.6
v 13.458879 -4.681185 2.6
v 13.458879 -4.642367 2.6
v 13.33766 -4.642367 2.6
v 13.33766 -4.533886 2.6
v 14.339857 -4.970986 2.6
v 14.446952 -4.970986 2.6
v 16.5 -4.970986 2.6
v 13.481363 -4.970986 2.6
v 13.481363 -5.78 2.6
v 13.501682 -5.78 2.6
v 13.788525 -5.78 2.6
v 13.943449 -5.78 2.6
v 14.02247 -5.78 2.6
v 14.209757 -5.78 2.6
v 14.339857 -5.78 2.6
v 14.446952 -5.78 2.6
v 16.5 -5.78 2.6
v -13.5 -3.954308 2.6
v -13.5 -4.298987 2.6
v -13.5 -4.398371 2.6
v -13.5 -4.836715 2.6
v -13.5 -4.970986 2.6
v -13.5 -5.78 2.6
v 19.0 6.0 0.0
v 19.0 6.0 1.2
v 19.0 -6.0 0.0
newmtl 2
Ka 0.0 0.5019607843137255 0.0
Kd 0.0 0.5019607843137255 0.0
Ks 0.0 0.25098039215686274 0.0
d 0.0
endmtl
v 19.0 -2.49 1.2
v 19.0 -6.0 1.2
v -16.550001 6.0 1.2
v -19.0 6.0 0.0
v -19.0 6.0 1.2
v -19.0 -2.49 1.2
v -19.0 -6.0 0.0
v -19.0 -6.0 1.2
v -16.550001 -6.0 1.2
v -13.5 -2.49 1.2
v -13.5 5.78 1.2
v -16.550001 -2.49 1.2
v -16.550001 -2.81 1.2
v -16.5 -2.81 1.2
v -13.5 -5.78 1.2
v 16.5 5.78 1.2
v 16.5 -2.49 1.2
v 16.5 -5.78 1.2
v -18.5 -2.81 1.2
v -18.5 -4.81 1.2
v -16.550001 -4.81 1.2
v -16.5 -4.81 1.2
v -17.950001 -2.049423 1.2
v -18.136396 -1.906396 1.2
v -18.279423 -1.72 1.2
v -18.369333 -1.502937 1.2
v -16.863604 -0.633604 1.2
v -16.720575 -0.82 1.2
v -16.863604 0.633604 1.2
v -17.267063 2.139333 1.2
v -17.049999 2.049423 1.2
v -17.267063 2.940667 1.2
v -18.369333 1.037063 1.2
v -18.279423 0.82 1.2
v -18.136396 0.633604 1.2
v -16.630667 1.502937 1.2
v -16.6 1.27 1.2
v -16.720575 3.36 1.2
v -18.279423 4.26 1.2
v -18.136396 4.446396 1.2
v -16.720575 -1.72 1.2
v -16.863604 -1.906396 1.2
v -17.049999 -2.049423 1.2
v -17.267063 -2.139333 1.2
v -17.5 -2.17 1.2
v -17.732937 -2.139333 1.2
v -18.136396 3.173604 1.2
v -18.279423 3.36 1.2
v -18.4 -1.27 1.2
v -18.369333 -1.037063 1.2
v -18.369333 3.577063 1.2
v -18.4 3.81 1.2
v -18.369333 4.042937 1.2
v -17.5 4.71 1.2
v -17.732937 4.679333 1.2
v -17.950001 4.589423 1.2
v -17.267063 4.679333 1.2
v -17.049999 4.589423 1.2
v -16.863604 4.446396 1.2
v -16.720575 4.26 1.2
v -16.630667 4.042937 1.2
v -16.6 3.81 1.2
v -18.279423 -0.82 1.2
v -18.136396 -0.633604 1.2
v -17.950001 0.490577 1.2
v -17.732937 0.400667 1.2
v -17.950001 -0.490577 1.2
v -17.732937 -0.400667 1.2
v -17.5 0.37 1.2
v -17.5 -0.37 1.2
v -17.267063 0.400667 1.2
v -17.267063 -0.400667 1.2
v -17.049999 0.490577 1.2
v -16.630667 1.037063 1.2
v -16.720575 0.82 1.2
v -16.720575 1.72 1.2
v -16.863604 3.173604 1.2
v -17.049999 3.030577 1.2
v -17.950001 3.030577 1.2
v -18.369333 1.502937 1.2
v -18.279423 1.72 1.2
v -18.4 1.27 1.2
v -17.049999 -0.490577 1.2
v -16.630667 -1.037063 1.2
v -16.6 -1.27 1.2
v -16.630667 -1.502937 1.2
v -16.863604 1.906396 1.2
v -18.136396 1.906396 1.2
v -17.950001 2.049423 1.2
v -17.732937 2.139333 1.2
v -17.5 2.17 1.2
v -17.5 2.91 1.2
v -17.732937 2.940667 1.2
v -16.630667 3.577063 1.2
v -18.5 -2.81 0.0
v -18.5 -4.81 0.0
v -16.5 -4.81 0.0
v -16.5 -2.81 0.0
v -18.136396 -1.906396 0.0
v -18.279423 -1.72 0.0
v -18.369333 -1.502937 0.0
v -16.630667 3.577063 0.0
v -16.6 3.81 0.0
v -16.630667 4.042937 0.0
v -16.720575 4.26 0.0
v -17.5 4.71 0.0
v -17.732937 4.679333 0.0
v -17.950001 4.589423 0.0
v -18.136396 4.446396 0.0
v -17.732937 -0.400667 0.0
v -17.950001 -0.490577 0.0
v -17.732937 0.400667 0.0
v -16.863604 4.446396 0.0
v -17.049999 4.589423 0.0
v -17.267063 4.679333 0.0
v -17.950001 -2.049423 0.0
v -17.732937 -2.139333 0.0
v -17.5 -2.17 0.0
v -17.267063 -2.139333 0.0
v -18.279423 4.26 0.0
v -18.369333 4.042937 0.0
v -18.4 3.81 0.0
v -17.049999 -2.049423 0.0
v -16.863604 -1.906396 0.0
v -16.720575 -1.72 0.0
v -17.950001 0.490577 0.0
v -18.136396 -0.633604 0.0
v -18.136396 0.633604 0.0
v -18.279423 -0.82 0.0
v -18.279423 0.82 0.0
v -16.630667 -1.502937 0.0
v -16.6 -1.27 0.0
v -16.630667 -1.037063 0.0
v -17.950001 3.030577 0.0
v -18.136396 1.906396 0.0
v -18.136396 3.173604 0.0
v -18.279423 1.72 0.0
v -18.279423 3.36 0.0
v -16.6 1.27 0.0
v -16.630667 1.502937 0.0
v -16.720575 1.72 0.0
v -16.863604 1.906396 0.0
v -18.4 1.27 0.0
v -18.369333 1.502937 0.0
v -18.369333 3.577063 0.0
v -16.720575 -0.82 0.0
v -16.863604 0.633604 0.0
v -16.720575 0.82 0.0
v -16.630667 1.037063 0.0
v -18.4 -1.27 0.0
v -18.369333 -1.037063 0.0
v -18.369333 1.037063 0.0
v -17.267063 -0.400667 0.0
v -17.049999 0.490577 0.0
v -17.049999 -0.490577 0.0
v -16.863604 -0.633604 0.0
v -17.5 -0.37 0.0
v -17.5 0.37 0.0
v -17.267063 0.400667 0.0
v -17.049999 2.049423 0.0
v -17.267063 2.940667 0.0
v -17.267063 2.139333 0.0
v -17.5 2.91 0.0
v -17.5 2.17 0.0
v -17.732937 2.940667 0.0
v -17.732937 2.139333 0.0
v -17.950001 2.049423 0.0
v -17.049999 3.030577 0.0
v -16.863604 3.173604 0.0
v -16.720575 3.36 0.0
v 12.690001 4.72121 2.59
v 12.690001 -0.85879 2.59
newmtl 3
Ka 0.7529411764705882 1.0 0.7529411764705882
Kd 0.7529411764705882 1.0 0.7529411764705882
Ks 0.3764705882352941 0.5019607843137255 0.3764705882352941
d 0.0
endmtl
v -9.69 -0.85879 2.59
v -9.69 4.72121 2.59
v -17.62941 -1.752963 -0.01
v -17.732937 -2.139333 -0.01
v -17.75 -1.703013 -0.01
newmtl 4
Ka 1.0 1.0 0.5019607843137255
Kd 1.0 1.0 0.5019607843137255
Ks 0.5019607843137255 0.5019607843137255 0.25098039215686274
d 0.0
endmtl
v -17.950001 -2.049423 -0.01
v -17.853552 -1.623553 -0.01
v -18.136396 -1.906396 -0.01
v -17.933012 -1.52 -0.01
v -18.279423 -1.72 -0.01
v -17.982964 -1.39941 -0.01
v -18.369333 -1.502937 -0.01
v -18.0 -1.27 -0.01
v -18.4 -1.27 -0.01
v -17.982964 -1.140591 -0.01
v -18.369333 -1.037063 -0.01
v -17.933012 -1.02 -0.01
v -18.279423 -0.82 -0.01
v -17.853552 -0.916447 -0.01
v -18.136396 -0.633604 -0.01
v -17.75 -0.836987 -0.01
v -17.950001 -0.490577 -0.01
v -17.62941 -0.787037 -0.01
v -17.732937 -0.400667 -0.01
v -17.5 -0.77 -0.01
v -17.5 -0.37 -0.01
v -17.37059 -0.787037 -0.01
v -17.267063 -0.400667 -0.01
v -17.25 -0.836987 -0.01
v -17.049999 -0.490577 -0.01
v -17.146446 -0.916447 -0.01
v -16.863604 -0.633604 -0.01
v -17.066988 -1.02 -0.01
v -16.720575 -0.82 -0.01
v -17.017036 -1.140591 -0.01
v -16.630667 -1.037063 -0.01
v -17.0 -1.27 -0.01
v -16.6 -1.27 -0.01
v -17.017036 -1.39941 -0.01
v -16.630667 -1.502937 -0.01
v -17.066988 -1.52 -0.01
v -16.720575 -1.72 -0.01
v -17.146446 -1.623553 -0.01
v -16.863604 -1.906396 -0.01
v -17.25 -1.703013 -0.01
v -17.049999 -2.049423 -0.01
v -17.37059 -1.752963 -0.01
v -17.267063 -2.139333 -0.01
v -17.5 -1.77 -0.01
v -17.5 -2.17 -0.01
v -16.6 -1.27 1.21
v -16.630667 -1.037063 1.21
v -16.720575 -0.82 1.21
v -16.863604 -0.633604 1.21
v -17.049999 -0.490577 1.21
v -17.267063 -0.400667 1.21
v -17.5 -0.37 1.21
v -17.732937 -0.400667 1.21
v -17.950001 -0.490577 1.21
v -18.136396 -0.633604 1.21
v -18.279423 -0.82 1.21
v -18.369333 -1.037063 1.21
v -18.4 -1.27 1.21
v -18.369333 -1.502937 1.21
v -18.279423 -1.72 1.21
v -18.136396 -1.906396 1.21
v -17.950001 -2.049423 1.21
v -17.732937 -2.139333 1.21
v -17.5 -2.17 1.21
v -17.267063 -2.139333 1.21
v -17.049999 -2.049423 1.21
v -16.863604 -1.906396 1.21
v -16.720575 -1.72 1.21
v -16.630667 -1.502937 1.21
v -17.62941 -1.752963 1.21
v -17.5 -1.77 1.21
v -17.37059 -1.752963 1.21
v -17.25 -1.703013 1.21
v -17.146446 -1.623553 1.21
v -17.066988 -1.52 1.21
v -17.017036 -1.39941 1.21
v -17.0 -1.27 1.21
v -17.017036 -1.140591 1.21
v -17.066988 -1.02 1.21
v -17.146446 -0.916447 1.21
v -17.25 -0.836987 1.21
v -17.37059 -0.787037 1.21
v -17.5 -0.77 1.21
v -17.62941 -0.787037 1.21
v -17.75 -0.836987 1.21
v -17.853552 -0.916447 1.21
v -17.933012 -1.02 1.21
v -17.982964 -1.140591 1.21
v -18.0 -1.27 1.21
v -17.982964 -1.39941 1.21
v -17.933012 -1.52 1.21
v -17.853552 -1.623553 1.21
v -17.75 -1.703013 1.21
v -17.5 0.77 -0.01
v -17.5 0.37 -0.01
v -17.62941 0.787037 -0.01
v -17.732937 0.400667 -0.01
v -17.75 0.836987 -0.01
v -17.950001 0.490577 -0.01
v -17.853552 0.916447 -0.01
v -18.136396 0.633604 -0.01
v -17.933012 1.02 -0.01
v -18.279423 0.82 -0.01
v -17.982964 1.140591 -0.01
v -18.369333 1.037063 -0.01
v -18.0 1.27 -0.01
v -18.4 1.27 -0.01
v -17.982964 1.39941 -0.01
v -18.369333 1.502937 -0.01
v -17.933012 1.52 -0.01
v -18.279423 1.72 -0.01
v -17.853552 1.623553 -0.01
v -18.136396 1.906396 -0.01
v -17.75 1.703013 -0.01
v -17.950001 2.049423 -0.01
v -17.62941 1.752963 -0.01
v -17.732937 2.139333 -0.01
v -17.5 1.77 -0.01
v -17.5 2.17 -0.01
v -17.37059 1.752963 -0.01
v -17.267063 2.139333 -0.01
v -17.25 1.703013 -0.01
v -17.049999 2.049423 -0.01
v -17.146446 1.623553 -0.01
v -16.863604 1.906396 -0.01
v -17.066988 1.52 -0.01
v -16.720575 1.72 -0.01
v -17.017036 1.39941 -0.01
v -16.630667 1.502937 -0.01
v -17.0 1.27 -0.01
v -16.6 1.27 -0.01
v -17.017036 1.140591 -0.01
v -16.630667 1.037063 -0.01
v -17.066988 1.02 -0.01
v -16.720575 0.82 -0.01
v -17.146446 0.916447 -0.01
v -16.863604 0.633604 -0.01
v -17.25 0.836987 -0.01
v -17.049999 0.490577 -0.01
v -17.37059 0.787037 -0.01
v -17.267063 0.400667 -0.01
v -16.6 1.27 1.21
v -16.630667 1.502937 1.21
v -16.720575 1.72 1.21
v -16.863604 1.906396 1.21
v -17.049999 2.049423 1.21
v -17.267063 2.139333 1.21
v -17.5 2.17 1.21
v -17.732937 2.139333 1.21
v -17.950001 2.049423 1.21
v -18.136396 1.906396 1.21
v -18.279423 1.72 1.21
v -18.369333 1.502937 1.21
v -18.4 1.27 1.21
v -18.369333 1.037063 1.21
v -18.279423 0.82 1.21
v -18.136396 0.633604 1.21
v -17.950001 0.490577 1.21
v -17.732937 0.400667 1.21
v -17.5 0.37 1.21
v -17.267063 0.400667 1.21
v -17.049999 0.490577 1.21
v -16.863604 0.633604 1.21
v -16.720575 0.82 1.21
v -16.630667 1.037063 1.21
v -17.5 0.77 1.21
v -17.37059 0.787037 1.21
v -17.25 0.836987 1.21
v -17.146446 0.916447 1.21
v -17.066988 1.02 1.21
v -17.017036 1.140591 1.21
v -17.0 1.27 1.21
v -17.017036 1.39941 1.21
v -17.066988 1.52 1.21
v -17.146446 1.623553 1.21
v -17.25 1.703013 1.21
v -17.37059 1.752963 1.21
v -17.5 1.77 1.21
v -17.62941 1.752963 1.21
v -17.75 1.703013 1.21
v -17.853552 1.623553 1.21
v -17.933012 1.52 1.21
v -17.982964 1.39941 1.21
v -18.0 1.27 1.21
v -17.982964 1.140591 1.21
v -17.933012 1.02 1.21
v -17.853552 0.916447 1.21
v -17.75 0.836987 1.21
v -17.62941 0.787037 1.21
v -17.982964 3.680591 -0.01
v -18.369333 3.577063 -0.01
v -18.0 3.81 -0.01
v -18.4 3.81 -0.01
v -17.982964 3.93941 -0.01
v -18.369333 4.042937 -0.01
v -17.933012 4.06 -0.01
v -18.279423 4.26 -0.01
v -17.853552 4.163553 -0.01
v -18.136396 4.446396 -0.01
v -17.75 4.243012 -0.01
v -17.950001 4.589423 -0.01
v -17.62941 4.292963 -0.01
v -17.732937 4.679333 -0.01
v -17.5 4.31 -0.01
v -17.5 4.71 -0.01
v -17.37059 4.292963 -0.01
v -17.267063 4.679333 -0.01
v -17.25 4.243012 -0.01
v -17.049999 4.589423 -0.01
v -17.146446 4.163553 -0.01
v -16.863604 4.446396 -0.01
v -17.066988 4.06 -0.01
v -16.720575 4.26 -0.01
v -17.017036 3.93941 -0.01
v -16.630667 4.042937 -0.01
v -17.0 3.81 -0.01
v -16.6 3.81 -0.01
v -17.017036 3.680591 -0.01
v -16.630667 3.577063 -0.01
v -17.066988 3.56 -0.01
v -16.720575 3.36 -0.01
v -17.146446 3.456447 -0.01
v -16.863604 3.173604 -0.01
v -17.25 3.376987 -0.01
v -17.049999 3.030577 -0.01
v -17.37059 3.327037 -0.01
v -17.267063 2.940667 -0.01
v -17.5 3.31 -0.01
v -17.5 2.91 -0.01
v -17.62941 3.327037 -0.01
v -17.732937 2.940667 -0.01
v -17.75 3.376987 -0.01
v -17.950001 3.030577 -0.01
v -17.853552 3.456447 -0.01
v -18.136396 3.173604 -0.01
v -17.933012 3.56 -0.01
v -18.279423 3.36 -0.01
v -16.6 3.81 1.21
v -16.630667 4.042937 1.21
v -16.720575 4.26 1.21
v -16.863604 4.446396 1.21
v -17.049999 4.589423 1.21
v -17.267063 4.679333 1.21
v -17.5 4.71 1.21
v -17.732937 4.679333 1.21
v -17.950001 4.589423 1.21
v -18.136396 4.446396 1.21
v -18.279423 4.26 1.21
v -18.369333 4.042937 1.21
v -18.4 3.81 1.21
v -18.369333 3.577063 1.21
v -18.279423 3.36 1.21
v -18.136396 3.173604 1.21
v -17.950001 3.030577 1.21
v -17.732937 2.940667 1.21
v -17.5 2.91 1.21
v -17.267063 2.940667 1.21
v -17.049999 3.030577 1.21
v -16.863604 3.173604 1.21
v -16.720575 3.36 1.21
v -16.630667 3.577063 1.21
v -17.982964 3.680591 1.21
v -17.933012 3.56 1.21
v -17.853552 3.456447 1.21
v -17.75 3.376987 1.21
v -17.62941 3.327037 1.21
v -17.5 3.31 1.21
v -17.37059 3.327037 1.21
v -17.25 3.376987 1.21
v -17.146446 3.456447 1.21
v -17.066988 3.56 1.21
v -17.017036 3.680591 1.21
v -17.0 3.81 1.21
v -17.017036 3.93941 1.21
v -17.066988 4.06 1.21
v -17.146446 4.163553 1.21
v -17.25 4.243012 1.21
v -17.37059 4.292963 1.21
v -17.5 4.31 1.21
v -17.62941 4.292963 1.21
v -17.75 4.243012 1.21
v -17.853552 4.163553 1.21
v -17.933012 4.06 1.21
v -17.982964 3.93941 1.21
v -18.0 3.81 1.21
v -17.37059 -3.327037 1.22
v -17.25 -3.376987 1.22
v -16.5 -2.81 1.22
v -17.146446 -3.456447 1.22
v -17.066988 -3.56 1.22
v -17.017036 -3.680591 1.22
v -17.0 -3.81 1.22
v -16.5 -4.81 1.22
v -17.017036 -3.93941 1.22
v -17.066988 -4.06 1.22
v -17.146446 -4.163553 1.22
v -17.62941 -4.292963 1.22
v -17.75 -4.243012 1.22
v -18.5 -4.81 1.22
v -18.0 -3.81 1.22
v -18.5 -2.81 1.22
v -17.982964 -3.93941 1.22
v -17.982964 -3.680591 1.22
v -17.933012 -3.56 1.22
v -17.853552 -3.456447 1.22
v -17.853552 -4.163553 1.22
v -17.933012 -4.06 1.22
v -17.75 -3.376987 1.22
v -17.62941 -3.327037 1.22
v -17.5 -3.31 1.22
v -17.25 -4.243012 1.22
v -17.37059 -4.292963 1.22
v -17.5 -4.31 1.22
v -16.5 -4.81 -0.01
v -16.5 -2.81 -0.01
v -18.5 -4.81 -0.01
v -18.5 -2.81 -0.01
v -17.0 -3.81 -0.01
v -17.017036 -3.680591 -0.01
v -17.066988 -3.56 -0.01
v -17.146446 -3.456447 -0.01
v -17.25 -3.376987 -0.01
v -17.37059 -3.327037 -0.01
v -17.5 -3.31 -0.01
v -17.62941 -3.327037 -0.01
v -17.75 -3.376987 -0.01
v -17.853552 -3.456447 -0.01
v -17.933012 -3.56 -0.01
v -17.982964 -3.680591 -0.01
v -18.0 -3.81 -0.01
v -17.982964 -3.93941 -0.01
v -17.933012 -4.06 -0.01
v -17.853552 -4.163553 -0.01
v -17.75 -4.243012 -0.01
v -17.62941 -4.292963 -0.01
v -17.5 -4.31 -0.01
v -17.37059 -4.292963 -0.01
v -17.25 -4.243012 -0.01
v -17.146446 -4.163553 -0.01
v -17.066988 -4.06 -0.01
v -17.017036 -3.93941 -0.01
v 13.472655 -4.257483 2.61
v 13.472655 -4.296128 2.61
newmtl 5
Ka 1.0 1.0 1.0
Kd 1.0 1.0 1.0
Ks 0.5019607843137255 0.5019607843137255 0.5019607843137255
d 0.0
endmtl
v 13.33766 -4.257483 2.61
v 13.33766 -3.957167 2.61
v 13.293903 -3.957167 2.61
v 13.293903 -4.296128 2.61
v 13.740307 -4.282091 2.61
v 13.702569 -4.295919 2.61
v 13.646468 -4.301847 2.61
v 13.740307 -4.240154 2.61
v 13.70561 -4.255542 2.61
v 13.667016 -4.262381 2.61
v 13.652793 -4.262856 2.61
v 13.621229 -4.259372 2.61
v 13.596635 -4.250498 2.61
v 13.57404 -4.235235 2.61
v 13.565714 -4.227157 2.61
v 13.54846 -4.202855 2.61
v 13.537793 -4.175237 2.61
v 13.532464 -4.133625 2.61
v 13.532441 -4.13046 2.61
v 13.537107 -4.087575 2.61
v 13.547917 -4.057447 2.61
v 13.563774 -4.033369 2.61
v 13.568053 -4.028563 2.61
v 13.58971 -4.010422 2.61
v 13.616179 -3.997689 2.61
v 13.645406 -3.991651 2.61
v 13.660418 -3.990959 2.61
v 13.700372 -3.995507 2.61
v 13.734947 -4.008207 2.61
v 13.740307 -4.011061 2.61
v 13.740307 -3.965312 2.61
v 13.659985 -3.951448 2.61
v 13.663098 -3.951463 2.61
v 13.706939 -3.955398 2.61
v 13.611463 -3.957278 2.61
v 13.57597 -3.970935 2.61
v 13.543143 -3.993997 2.61
v 13.535475 -4.001357 2.61
v 13.49542 -4.069047 2.61
v 13.511944 -4.031697 2.61
v 13.487305 -4.112819 2.61
v 13.486519 -4.133059 2.61
v 13.505714 -4.221146 2.61
v 13.492402 -4.185092 2.61
v 13.525457 -4.250513 2.61
v 13.530015 -4.255578 2.61
v 13.555677 -4.277196 2.61
v 13.623769 -4.300649 2.61
v 13.587412 -4.292691 2.61
v 13.990455 -4.257483 2.61
v 13.990455 -4.296128 2.61
v 13.851907 -4.257483 2.61
v 13.851907 -4.143457 2.61
v 13.973125 -4.143457 2.61
v 13.973125 -4.10464 2.61
v 13.851907 -4.10464 2.61
v 13.851907 -3.996158 2.61
v 13.982743 -3.996158 2.61
v 13.982743 -3.957167 2.61
v 13.808151 -3.957167 2.61
v 13.808151 -4.296128 2.61
v 14.147459 -4.257483 2.61
v 14.147718 -4.296128 2.61
v 14.190529 -4.252846 2.61
v 14.20084 -4.290235 2.61
v 14.219521 -4.242506 2.61
v 14.240339 -4.275899 2.61
v 14.241974 -4.227807 2.61
v 14.273499 -4.253842 2.61
v 14.248228 -4.222132 2.61
v 14.279334 -4.248646 2.61
v 14.265934 -4.199827 2.61
v 14.303349 -4.22046 2.61
v 14.277298 -4.174356 2.61
v 14.320518 -4.185673 2.61
v 14.283551 -4.1428 2.61
v 14.329183 -4.146377 2.61
v 14.284446 -4.123528 2.61
v 14.330456 -4.122315 2.61
v 14.280327 -4.084762 2.61
v 14.324638 -4.074965 2.61
v 14.271234 -4.059023 2.61
v 14.311981 -4.042754 2.61
v 14.258542 -4.039472 2.61
v 14.290898 -4.013319 2.61
v 14.247275 -4.028044 2.61
v 14.279334 -4.002049 2.61
v 14.221216 -4.010948 2.61
v 14.242173 -3.976979 2.61
v 14.191539 -4.00061 2.61
v 14.201001 -3.962435 2.61
v 14.14945 -3.996158 2.61
v 14.151184 -3.957167 2.61
v 14.098243 -3.996158 2.61
v 14.054486 -3.957167 2.61
v 14.098243 -4.257483 2.61
v 14.054486 -4.296128 2.61
v 14.14945 -3.996158 2.6
v 14.098243 -3.996158 2.6
v 14.098243 -4.257483 2.6
v 14.147459 -4.257483 2.6
v 14.248228 -4.222132 2.6
v 14.241974 -4.227807 2.6
v 14.219521 -4.242506 2.6
v 14.190529 -4.252846 2.6
v 14.284446 -4.123528 2.6
v 14.283551 -4.1428 2.6
v 14.277298 -4.174356 2.6
v 14.265934 -4.199827 2.6
v 14.247275 -4.028044 2.6
v 14.258542 -4.039472 2.6
v 14.271234 -4.059023 2.6
v 14.280327 -4.084762 2.6
v 14.191539 -4.00061 2.6
v 14.221216 -4.010948 2.6
v 14.44405 -4.165119 2.61
v 14.430185 -4.203416 2.61
v 14.557817 -4.165119 2.61
v 14.571333 -4.203416 2.61
v 14.494738 -4.024231 2.61
v 14.478361 -3.957167 2.61
v 14.349257 -4.296128 2.61
v 14.397606 -4.296128 2.61
v 14.497672 -4.014115 2.61
v 14.500282 -4.00049 2.61
v 14.52515 -3.957167 2.61
v 14.501322 -4.00049 2.61
v 14.504063 -4.01483 2.61
v 14.506608 -4.024231 2.61
v 14.654254 -4.296128 2.61
v 14.605905 -4.296128 2.61
v 14.44405 -4.165119 2.6
v 14.557817 -4.165119 2.6
v 14.506608 -4.024231 2.6
v 14.501322 -4.00049 2.6
v 14.504063 -4.01483 2.6
v 14.500282 -4.00049 2.6
v 14.494738 -4.024231 2.6
v 14.497672 -4.014115 2.6
v 13.476208 -4.795212 2.61
v 13.476208 -4.833856 2.61
v 13.33766 -4.795212 2.61
v 13.33766 -4.681185 2.61
v 13.458879 -4.681185 2.61
v 13.458879 -4.642367 2.61
v 13.33766 -4.642367 2.61
v 13.33766 -4.533886 2.61
v 13.468496 -4.533886 2.61
v 13.468496 -4.494895 2.61
v 13.293903 -4.494895 2.61
v 13.293903 -4.833856 2.61
v 13.66891 -4.833856 2.61
v 13.711367 -4.833856 2.61
v 13.66891 -4.796425 2.61
v 13.711367 -4.678066 2.61
v 13.66891 -4.679972 2.61
v 13.5769 -4.730536 2.61
v 13.587094 -4.725764 2.61
v 13.667783 -4.796425 2.61
v 13.645391 -4.79019 2.61
v 13.661168 -4.806493 2.61
v 13.633391 -4.798286 2.61
v 13.612243 -4.720002 2.61
v 13.66891 -4.712378 2.61
v 13.66891 -4.735599 2.61
v 13.668869 -4.738417 2.61
v 13.666135 -4.75736 2.61
v 13.659907 -4.772508 2.61
v 13.650714 -4.784987 2.61
v 13.667433 -4.661199 2.61
v 13.708162 -4.646247 2.61
v 13.663043 -4.646081 2.61
v 13.701548 -4.626805 2.61
v 13.658054 -4.637338 2.61
v 13.692891 -4.613021 2.61
v 13.651635 -4.63051 2.61
v 13.681599 -4.602148 2.61
v 13.644098 -4.625652 2.61
v 13.667527 -4.594049 2.61
v 13.634251 -4.622212 2.61
v 13.649696 -4.588582 2.61
v 13.619868 -4.620706 2.61
v 13.623854 -4.58622 2.61
v 13.594176 -4.623421 2.61
v 13.583816 -4.590699 2.61
v 13.56765 -4.632587 2.61
v 13.551776 -4.602366 2.61
v 13.5405 -4.649992 2.61
v 13.5405 -4.608748 2.61
v 13.568602 -4.790197 2.61
v 13.53764 -4.820513 2.61
v 13.572212 -4.793826 2.61
v 13.551937 -4.830489 2.61
v 13.580673 -4.799603 2.61
v 13.568216 -4.836626 2.61
v 13.590277 -4.803127 2.61
v 13.593615 -4.839575 2.61
v 13.604618 -4.804743 2.61
v 13.615505 -4.837152 2.61
v 13.620511 -4.802966 2.61
v 13.632719 -4.830931 2.61
v 13.64776 -4.82093 2.61
v 13.560268 -4.75884 2.61
v 13.516995 -4.763281 2.61
v 13.559909 -4.765579 2.61
v 13.516845 -4.769044 2.61
v 13.560987 -4.775326 2.61
v 13.518935 -4.78829 2.61
v 13.563777 -4.78304 2.61
v 13.524071 -4.802653 2.61
v 13.532892 -4.8157 2.61
v 13.597166 -4.690023 2.61
v 13.565823 -4.697642 2.61
v 13.571172 -4.734906 2.61
v 13.547463 -4.70687 2.61
v 13.566091 -4.741198 2.61
v 13.534301 -4.718103 2.61
v 13.562365 -4.749116 2.61
v 13.525724 -4.730195 2.61
v 13.519802 -4.745096 2.61
v 13.571172 -4.734906 2.6
v 13.5769 -4.730536 2.6
v 13.587094 -4.725764 2.6
v 13.612243 -4.720002 2.6
v 13.559909 -4.765579 2.6
v 13.560268 -4.75884 2.6
v 13.562365 -4.749116 2.6
v 13.566091 -4.741198 2.6
v 13.572212 -4.793826 2.6
v 13.568602 -4.790197 2.6
v 13.563777 -4.78304 2.6
v 13.560987 -4.775326 2.6
v 13.604618 -4.804743 2.6
v 13.590277 -4.803127 2.6
v 13.580673 -4.799603 2.6
v 13.650714 -4.784987 2.6
v 13.645391 -4.79019 2.6
v 13.633391 -4.798286 2.6
v 13.620511 -4.802966 2.6
v 13.66891 -4.735599 2.6
v 13.668869 -4.738417 2.6
v 13.666135 -4.75736 2.6
v 13.659907 -4.772508 2.6
v 13.66891 -4.712378 2.6
v 13.768899 -4.781521 2.61
v 13.7855 -4.791787 2.61
v 13.838737 -4.804916 2.61
v 13.812118 -4.801805 2.61
v 13.768899 -4.825365 2.61
v 13.799279 -4.835967 2.61
v 13.834578 -4.839575 2.61
v 13.869363 -4.835901 2.61
v 13.892557 -4.827778 2.61
v 13.905107 -4.820339 2.61
v 13.917254 -4.809716 2.61
v 13.925169 -4.798519 2.61
v 13.930382 -4.785064 2.61
v 13.932402 -4.768004 2.61
v 13.930647 -4.752188 2.61
v 13.926116 -4.739669 2.61
v 13.918191 -4.727974 2.61
v 13.908068 -4.718942 2.61
v 13.87987 -4.703259 2.61
v 13.863431 -4.696608 2.61
v 13.837156 -4.685171 2.61
v 13.822187 -4.675813 2.61
v 13.818046 -4.671256 2.61
v 13.814987 -4.665527 2.61
v 13.813303 -4.658933 2.61
v 13.812917 -4.653285 2.61
v 13.813684 -4.646513 2.61
v 13.815781 -4.640781 2.61
v 13.819421 -4.635378 2.61
v 13.825827 -4.629717 2.61
v 13.835346 -4.624655 2.61
v 13.846704 -4.621648 2.61
v 13.859272 -4.620706 2.61
v 13.887154 -4.623874 2.61
v 13.911099 -4.632655 2.61
v 13.920791 -4.638208 2.61
v 13.920791 -4.596964 2.61
v 13.886838 -4.58782 2.61
v 13.863431 -4.58622 2.61
v 13.832245 -4.589609 2.61
v 13.808953 -4.597936 2.61
v 13.796367 -4.605456 2.61
v 13.78378 -4.616771 2.61
v 13.77589 -4.628247 2.61
v 13.770835 -4.641916 2.61
v 13.76916 -4.657097 2.61
v 13.770986 -4.673582 2.61
v 13.775667 -4.686546 2.61
v 13.781204 -4.695395 2.61
v 13.833451 -4.727454 2.61
v 13.808145 -4.715854 2.61
v 13.78815 -4.702659 2.61
v 13.86133 -4.73913 2.61
v 13.877901 -4.749116 2.61
v 13.883191 -4.754625 2.61
v 13.886473 -4.760253 2.61
v 13.888403 -4.766882 2.61
v 13.888818 -4.772164 2.61
v 13.887939 -4.780263 2.61
v 13.885781 -4.786302 2.61
v 13.882074 -4.791782 2.61
v 13.877203 -4.796107 2.61
v 13.873332 -4.798456 2.61
v 13.862376 -4.802465 2.61
v 13.840612 -4.804904 2.61
v 14.142866 -4.591766 2.61
v 14.186882 -4.591766 2.61
v 14.076755 -4.77407 2.61
v 14.073505 -4.785356 2.61
v 14.071556 -4.793653 2.61
v 14.07043 -4.793653 2.61
v 14.06523 -4.773724 2.61
v 14.001979 -4.591766 2.61
v 13.954496 -4.591766 2.61
v 14.049461 -4.833336 2.61
v 14.030832 -4.877353 2.61
v 14.022528 -4.892592 2.61
v 14.014621 -4.901453 2.61
v 14.006828 -4.906863 2.61
v 13.99753 -4.910349 2.61
v 13.987335 -4.911491 2.61
v 13.971933 -4.909486 2.61
v 13.963247 -4.906639 2.61
v 13.963247 -4.944417 2.61
v 13.981256 -4.947546 2.61
v 13.990627 -4.947883 2.61
v 14.007781 -4.94591 2.61
v 14.024534 -4.939528 2.61
v 14.039364 -4.929164 2.61
v 14.042258 -4.926511 2.61
v 14.057795 -4.907853 2.61
v 14.077014 -4.870421 2.61
v 14.414936 -4.795212 2.61
v 14.414936 -4.833856 2.61
v 14.276388 -4.795212 2.61
v 14.276388 -4.681185 2.61
v 14.397606 -4.681185 2.61
v 14.397606 -4.642367 2.61
v 14.276388 -4.642367 2.61
v 14.276388 -4.533886 2.61
v 14.407224 -4.533886 2.61
v 14.407224 -4.494895 2.61
v 14.232632 -4.494895 2.61
v 14.232632 -4.833856 2.61
v 14.571939 -4.795212 2.61
v 14.5722 -4.833856 2.61
v 14.615009 -4.790574 2.61
v 14.625321 -4.827963 2.61
v 14.644002 -4.780234 2.61
v 14.664821 -4.813628 2.61
v 14.666455 -4.765535 2.61
v 14.69798 -4.79157 2.61
v 14.672709 -4.75986 2.61
v 14.703815 -4.786374 2.61
v 14.690415 -4.737555 2.61
v 14.727831 -4.758188 2.61
v 14.70178 -4.712083 2.61
v 14.745001 -4.723401 2.61
v 14.708032 -4.680528 2.61
v 14.753664 -4.684105 2.61
v 14.708928 -4.661256 2.61
v 14.754937 -4.660043 2.61
v 14.704807 -4.62249 2.61
v 14.749119 -4.612694 2.61
v 14.695714 -4.596751 2.61
v 14.736463 -4.580482 2.61
v 14.683023 -4.5772 2.61
v 14.715379 -4.551047 2.61
v 14.671756 -4.565772 2.61
v 14.703815 -4.539778 2.61
v 14.645698 -4.548676 2.61
v 14.666655 -4.514707 2.61
v 14.616021 -4.538338 2.61
v 14.625483 -4.500163 2.61
v 14.573933 -4.533886 2.61
v 14.575665 -4.494895 2.61
v 14.522724 -4.533886 2.61
v 14.478968 -4.494895 2.61
v 14.522724 -4.795212 2.61
v 14.478968 -4.833856 2.61
v 14.573933 -4.533886 2.6
v 14.522724 -4.533886 2.6
v 14.522724 -4.795212 2.6
v 14.571939 -4.795212 2.6
v 14.672709 -4.75986 2.6
v 14.666455 -4.765535 2.6
v 14.644002 -4.780234 2.6
v 14.615009 -4.790574 2.6
v 14.708928 -4.661256 2.6
v 14.708032 -4.680528 2.6
v 14.70178 -4.712083 2.6
v 14.690415 -4.737555 2.6
v 14.671756 -4.565772 2.6
v 14.683023 -4.5772 2.6
v 14.695714 -4.596751 2.6
v 14.704807 -4.62249 2.6
v 14.616021 -4.538338 2.6
v 14.645698 -4.548676 2.6
v 14.86853 -4.702847 2.61
v 14.854667 -4.741144 2.61
v 14.982297 -4.702847 2.61
v 14.995814 -4.741144 2.61
v 14.919219 -4.561959 2.61
v 14.902843 -4.494895 2.61
v 14.77374 -4.833856 2.61
v 14.822088 -4.833856 2.61
v 14.922153 -4.551843 2.61
v 14.924764 -4.538218 2.61
v 14.949632 -4.494895 2.61
v 14.925804 -4.538218 2.61
v 14.928544 -4.552558 2.61
v 14.931089 -4.561959 2.61
v 15.078734 -4.833856 2.61
v 15.030386 -4.833856 2.61
v 14.86853 -4.702847 2.6
v 14.982297 -4.702847 2.6
v 14.931089 -4.561959 2.6
v 14.925804 -4.538218 2.6
v 14.928544 -4.552558 2.6
v 14.924764 -4.538218 2.6
v 14.919219 -4.561959 2.6
v 14.922153 -4.551843 2.6
v 11.905549 -4.762419 2.61
v 11.906747 -4.738931 2.61
v 11.775162 -4.668743 2.61
v 11.731423 -4.251264 2.61
v 11.784937 -4.222219 2.61
v 11.774001 -4.073211 2.61
v 11.924581 -4.066248 2.61
v 11.99929 -4.242177 2.61
v 12.036263 -4.165705 2.61
v 11.874846 -4.958683 2.61
v 11.828588 -4.922006 2.61
v 11.793939 -4.877032 2.61
v 12.036734 -4.512175 2.61
v 12.001699 -4.509685 2.61
v 11.97572 -4.664536 2.61
v 11.869151 -4.061429 2.61
v 12.019354 -4.663693 2.61
v 12.041735 -4.671704 2.61
v 12.242698 -4.728992 2.61
v 12.061122 -4.684792 2.61
v 12.076648 -4.702121 2.61
v 12.580095 -4.550654 2.61
v 12.505386 -4.422925 2.61
v 12.182448 -4.591624 2.61
v 11.99929 -4.661513 2.61
v 11.778111 -4.661146 2.61
v 11.91385 -4.716249 2.61
v 11.805582 -4.611507 2.61
v 11.926306 -4.696316 2.61
v 11.846497 -4.567151 2.61
v 11.935833 -4.686243 2.61
v 11.896667 -4.534215 2.61
v 12.094363 -4.527936 2.61
v 11.954675 -4.672843 2.61
v 11.950329 -4.515316 2.61
v 12.087115 -4.721907 2.61
v 12.092618 -4.744253 2.61
v 12.242698 -4.753092 2.61
v 12.092653 -4.766304 2.61
v 12.659624 -4.312067 2.61
v 12.678905 -4.312067 2.61
v 12.777713 -4.181928 2.61
v 12.724288 -4.317608 2.61
v 12.789045 -4.185728 2.61
v 12.766386 -4.333701 2.61
v 12.860809 -4.221203 2.61
v 12.92627 -4.276401 2.61
v 11.973986 -4.00871 2.61
v 12.090372 -4.101171 2.61
v 12.030621 -3.960209 2.61
v 12.15452 -4.054301 2.61
v 12.089366 -3.92381 2.61
v 11.728963 -4.64129 2.61
v 11.742001 -4.820999 2.61
v 11.772752 -4.830212 2.61
v 11.844295 -4.207572 2.61
v 11.871561 -4.206028 2.61
v 11.896867 -4.062935 2.61
v 11.921377 -4.211486 2.61
v 11.975585 -4.229654 2.61
v 12.144653 -4.556407 2.61
v 12.80382 -4.359704 2.61
v 12.83281 -4.392243 2.61
v 12.975564 -4.344889 2.61
v 12.854918 -4.434042 2.61
v 13.005144 -4.418462 2.61
v 13.016301 -4.497635 2.61
v 12.927132 -4.726583 2.61
v 12.812845 -4.632929 2.61
v 12.86176 -4.781959 2.61
v 12.776761 -4.661508 2.61
v 12.788248 -4.817997 2.61
v 12.733919 -4.68057 2.61
v 12.707824 -4.835032 2.61
v 12.693364 -4.688023 2.61
v 12.565635 -4.835032 2.61
v 12.584914 -4.688023 2.61
v 12.552058 -4.832844 2.61
v 11.68474 -4.107924 2.61
v 11.608112 -4.161852 2.61
v 11.687261 -4.292174 2.61
v 11.592004 -4.177107 2.61
v 11.655315 -4.340956 2.61
v 11.533869 -4.251704 2.61
v 11.63621 -4.395205 2.61
v 12.865866 -4.480432 2.61
v 12.866882 -4.500044 2.61
v 13.005342 -4.58327 2.61
v 12.861316 -4.546085 2.61
v 12.97515 -4.65961 2.61
v 12.844913 -4.589114 2.61
v 12.818586 -4.626826 2.61
v 12.647574 -3.991539 2.61
v 12.552399 -4.101498 2.61
v 12.727056 -4.083411 2.61
v 12.606991 -4.166231 2.61
v 12.644466 -4.243734 2.61
v 11.951763 -4.836518 2.61
v 11.973549 -4.845874 2.61
v 11.929719 -4.983346 2.61
v 11.995184 -4.849402 2.61
v 11.986352 -4.993617 2.61
v 11.99929 -4.849492 2.61
v 12.001699 -4.99409 2.61
v 12.023429 -4.846379 2.61
v 12.053519 -4.988443 2.61
v 12.044304 -4.838039 2.61
v 12.107769 -4.969338 2.61
v 12.06261 -4.824912 2.61
v 12.156551 -4.937393 2.61
v 12.075691 -4.810133 2.61
v 12.197461 -4.89323 2.61
v 12.086899 -4.789433 2.61
v 12.226507 -4.839717 2.61
v 12.241154 -4.780359 2.61
v 12.200487 -3.880932 2.61
v 12.233201 -4.022328 2.61
v 12.319818 -3.86622 2.61
v 12.322227 -4.010819 2.61
v 12.419156 -3.876657 2.61
v 12.404336 -4.020961 2.61
v 12.540095 -3.919276 2.61
v 12.47988 -4.05001 2.61
v 12.547544 -4.097086 2.61
v 11.933316 -4.82238 2.61
v 11.919551 -4.805278 2.61
v 11.910011 -4.78502 2.61
v 12.572801 -4.685783 2.61
v 12.514886 -4.809754 2.61
v 12.520488 -4.815456 2.61
v 11.495488 -4.338514 2.61
v 11.479394 -4.4291 2.61
v 11.630563 -4.447025 2.61
v 11.478735 -4.451845 2.61
v 11.6341 -4.488129 2.61
v 11.490501 -4.546665 2.61
v 11.65246 -4.547 2.61
v 11.525134 -4.636361 2.61
v 11.684482 -4.598455 2.61
v 11.579954 -4.714533 2.61
v 11.654936 -4.778513 2.61
v 12.58003 -4.687384 2.61
v 12.536117 -4.826569 2.61
v 12.495746 -4.760322 2.61
v 12.498033 -4.778273 2.61
v 12.504381 -4.794615 2.61
v 12.55178 -4.68801 2.61
v 12.535243 -4.694542 2.61
v 12.496358 -4.750811 2.61
v 12.520423 -4.705045 2.61
v 12.510466 -4.716027 2.61
v 12.501198 -4.732469 2.61
v 12.570455 -4.685613 2.61
v 11.99929 -4.661513 2.6
v 12.019354 -4.663693 2.6
v 12.041735 -4.671704 2.6
v 12.061122 -4.684792 2.6
v 12.076648 -4.702121 2.6
v 12.087115 -4.721907 2.6
v 12.092618 -4.744253 2.6
v 12.092653 -4.766304 2.6
v 12.086899 -4.789433 2.6
v 12.075691 -4.810133 2.6
v 12.06261 -4.824912 2.6
v 12.044304 -4.838039 2.6
v 12.023429 -4.846379 2.6
v 11.99929 -4.849492 2.6
v 11.995184 -4.849402 2.6
v 11.973549 -4.845874 2.6
v 11.951763 -4.836518 2.6
v 11.933316 -4.82238 2.6
v 11.919551 -4.805278 2.6
v 11.910011 -4.78502 2.6
v 11.905549 -4.762419 2.6
v 11.906747 -4.738931 2.6
v 11.91385 -4.716249 2.6
v 11.926306 -4.696316 2.6
v 11.935833 -4.686243 2.6
v 11.954675 -4.672843 2.6
v 11.97572 -4.664536 2.6
usemtl 1
f 1// 2// 3//
f 4// 5// 6//
f 7// 8// 9//
f 10// 11// 12//
f 12// 11// 13//
f 14// 15// 12//
f 12// 15// 16//
f 12// 16// 17//
f 17// 18// 12//
f 12// 18// 19//
f 12// 19// 10//
f 20// 21// 22//
f 22// 21// 23//
f 24// 25// 26//
f 26// 25// 27//
f 26// 27// 28//
f 27// 29// 28//
f 28// 29// 30//
f 28// 30// 31//
f 31// 30// 32//
f 31// 32// 33//
f 34// 35// 27//
f 27// 35// 36//
f 27// 36// 29//
f 37// 38// 39//
f 39// 40// 37//
f 37// 40// 41//
f 37// 41// 27//
f 27// 41// 42//
f 27// 42// 34//
f 43// 44// 45//
f 45// 44// 46//
f 45// 46// 47//
f 47// 48// 45//
f 45// 48// 49//
f 45// 49// 38//
f 38// 49// 50//
f 38// 50// 39//
f 51// 43// 52//
f 52// 43// 45//
f 52// 45// 53//
f 53// 45// 54//
f 9// 8// 45//
f 45// 8// 55//
f 45// 55// 54//
f 56// 57// 58//
f 58// 57// 59//
f 59// 60// 58//
f 58// 60// 7//
f 58// 7// 61//
f 61// 7// 9//
f 62// 63// 64//
f 64// 63// 65//
f 65// 66// 64//
f 64// 66// 67//
f 64// 67// 56//
f 68// 69// 70//
f 71// 72// 73//
f 74// 75// 76//
f 76// 75// 77//
f 71// 73// 78//
f 79// 80// 81//
f 82// 83// 75//
f 75// 83// 84//
f 75// 84// 85//
f 79// 81// 86//
f 72// 87// 73//
f 73// 87// 88//
f 73// 88// 89//
f 70// 69// 81//
f 81// 69// 90//
f 81// 90// 86//
f 91// 92// 93//
f 93// 92// 94//
f 93// 94// 85//
f 85// 94// 95//
f 96// 97// 98//
f 98// 97// 99//
f 98// 99// 73//
f 73// 99// 100//
f 73// 100// 78//
f 91// 101// 92//
f 92// 101// 102//
f 92// 102// 103//
f 103// 102// 104//
f 103// 104// 105//
f 106// 107// 62//
f 62// 107// 108//
f 62// 108// 109//
f 109// 110// 62//
f 62// 110// 111//
f 62// 111// 112//
f 112// 111// 96//
f 112// 96// 113//
f 113// 96// 98//
f 95// 114// 85//
f 85// 114// 115//
f 85// 115// 75//
f 75// 115// 116//
f 75// 116// 77//
f 117// 118// 73//
f 73// 118// 119//
f 73// 119// 75//
f 75// 119// 120//
f 75// 120// 82//
f 80// 121// 81//
f 81// 121// 122//
f 81// 122// 62//
f 62// 122// 123//
f 62// 123// 106//
f 89// 124// 73//
f 73// 124// 125//
f 73// 125// 126//
f 126// 127// 73//
f 73// 127// 128//
f 73// 128// 117//
f 129// 130// 131//
f 130// 85// 131//
f 131// 85// 84//
f 131// 84// 132//
f 132// 84// 133//
f 133// 134// 132//
f 132// 134// 135//
f 132// 135// 136//
f 137// 138// 139//
f 138// 140// 139//
f 139// 140// 141//
f 139// 141// 142//
f 143// 139// 144//
f 129// 131// 143//
f 143// 131// 145//
f 143// 145// 139//
f 139// 145// 146//
f 139// 146// 137//
f 144// 147// 143//
f 143// 147// 148//
f 143// 148// 149//
f 142// 141// 150//
f 150// 141// 151//
f 150// 151// 152//
f 152// 151// 153//
f 152// 153// 154//
f 155// 156// 149//
f 149// 156// 157//
f 149// 157// 143//
f 11// 158// 13//
f 13// 158// 159//
f 13// 159// 70//
f 70// 159// 160//
f 70// 160// 68//
f 161// 162// 163//
f 163// 162// 164//
f 163// 164// 165//
f 166// 167// 168//
f 168// 167// 169//
f 162// 170// 164//
f 164// 170// 171//
f 164// 171// 172//
f 172// 171// 173//
f 172// 173// 174//
f 174// 173// 175//
f 174// 175// 169//
f 169// 175// 176//
f 169// 176// 168//
f 177// 178// 179//
f 179// 178// 180//
f 181// 182// 183//
f 183// 182// 184//
f 177// 179// 185//
f 185// 179// 186//
f 185// 186// 187//
f 187// 186// 188//
f 187// 188// 189//
f 188// 190// 189//
f 189// 190// 191//
f 189// 191// 192//
f 193// 194// 195//
f 183// 188// 181//
f 181// 188// 186//
f 181// 186// 196//
f 196// 186// 197//
f 196// 197// 195//
f 195// 197// 198//
f 195// 198// 193//
f 184// 182// 199//
f 199// 182// 200//
f 199// 200// 193//
f 201// 202// 200//
f 200// 202// 203//
f 200// 203// 204//
f 205// 206// 194//
f 194// 206// 207//
f 194// 207// 208//
f 209// 210// 211//
f 211// 210// 205//
f 211// 205// 212//
f 213// 214// 205//
f 205// 214// 215//
f 205// 215// 212//
f 216// 217// 205//
f 205// 217// 218//
f 205// 218// 219//
f 220// 221// 222//
f 223// 224// 211//
f 211// 224// 225//
f 211// 225// 209//
f 193// 200// 194//
f 194// 200// 204//
f 194// 204// 205//
f 205// 204// 226//
f 205// 226// 216//
f 219// 227// 205//
f 205// 227// 228//
f 205// 228// 213//
f 220// 222// 211//
f 211// 222// 229//
f 211// 229// 223//
f 230// 231// 1//
f 1// 231// 232//
f 1// 232// 2//
f 2// 232// 233//
f 2// 233// 234//
f 234// 233// 235//
f 234// 235// 201//
f 1// 236// 237//
f 237// 238// 1//
f 1// 238// 239//
f 1// 239// 230//
f 240// 241// 242//
f 243// 244// 245//
f 245// 244// 246//
f 240// 242// 246//
f 247// 248// 249//
f 248// 250// 249//
f 249// 250// 251//
f 249// 251// 252//
f 247// 249// 253//
f 253// 249// 254//
f 253// 254// 255//
f 255// 254// 256//
f 256// 254// 257//
f 256// 257// 208//
f 258// 25// 21//
f 21// 25// 24//
f 21// 24// 23//
f 259// 260// 261//
f 261// 260// 262//
f 261// 262// 263//
f 263// 262// 264//
f 263// 264// 265//
f 265// 264// 266//
f 265// 266// 267//
f 268// 269// 174//
f 174// 269// 270//
f 271// 272// 172//
f 270// 273// 174//
f 174// 273// 274//
f 174// 274// 275//
f 276// 277// 278//
f 278// 277// 172//
f 272// 279// 172//
f 172// 279// 280//
f 172// 280// 278//
f 275// 281// 174//
f 174// 281// 282//
f 174// 282// 172//
f 172// 282// 283//
f 172// 283// 271//
f 181// 284// 268//
f 268// 284// 285//
f 268// 285// 269//
f 276// 286// 277//
f 277// 286// 287//
f 277// 287// 196//
f 196// 287// 288//
f 196// 288// 181//
f 181// 288// 289//
f 181// 289// 284//
f 290// 291// 292//
f 293// 294// 295//
f 295// 294// 296//
f 290// 292// 297//
f 298// 299// 300//
f 300// 301// 302//
f 254// 303// 304//
f 305// 306// 307//
f 293// 308// 294//
f 294// 308// 309//
f 294// 309// 310//
f 310// 309// 311//
f 312// 313// 311//
f 311// 313// 314//
f 311// 314// 310//
f 299// 315// 300//
f 300// 315// 316//
f 300// 316// 301//
f 317// 318// 292//
f 292// 318// 319//
f 292// 319// 297//
f 305// 320// 306//
f 306// 320// 321//
f 306// 321// 322//
f 322// 321// 323//
f 322// 323// 324//
f 304// 325// 254//
f 254// 325// 326//
f 254// 326// 327//
f 302// 328// 300//
f 300// 328// 329//
f 300// 329// 254//
f 254// 329// 296//
f 254// 296// 303//
f 303// 296// 294//
f 330// 331// 332//
f 332// 331// 333//
f 332// 333// 334//
f 335// 336// 337//
f 337// 336// 338//
f 337// 338// 324//
f 324// 338// 339//
f 324// 339// 322//
f 340// 341// 311//
f 311// 341// 342//
f 311// 342// 343//
f 343// 344// 311//
f 311// 344// 345//
f 311// 345// 312//
f 291// 346// 347//
f 347// 346// 348//
f 348// 346// 349//
f 348// 349// 350//
f 330// 335// 331//
f 331// 335// 337//
f 331// 337// 351//
f 351// 337// 352//
f 351// 352// 353//
f 353// 352// 354//
f 353// 354// 355//
f 355// 354// 356//
f 357// 356// 347//
f 347// 356// 354//
f 347// 354// 291//
f 291// 354// 352//
f 291// 352// 292//
f 357// 347// 5//
f 5// 347// 358//
f 5// 358// 6//
f 359// 360// 6//
f 361// 362// 257//
f 363// 364// 6//
f 6// 364// 365//
f 327// 305// 254//
f 254// 305// 307//
f 254// 307// 257//
f 257// 307// 366//
f 257// 366// 361//
f 362// 367// 257//
f 257// 367// 368//
f 257// 368// 369//
f 369// 368// 370//
f 369// 370// 359//
f 371// 372// 360//
f 360// 372// 373//
f 360// 373// 6//
f 6// 373// 374//
f 6// 374// 363//
f 365// 375// 6//
f 6// 375// 376//
f 6// 376// 4//
f 377// 378// 379//
f 379// 378// 380//
f 379// 380// 381//
f 379// 382// 377//
f 377// 382// 383//
f 377// 383// 384//
f 384// 385// 377//
f 377// 385// 386//
f 377// 386// 387//
f 387// 386// 388//
f 387// 388// 389//
f 389// 388// 390//
f 389// 390// 360//
f 360// 390// 391//
f 360// 391// 371//
f 392// 393// 381//
f 381// 393// 394//
f 381// 394// 379//
f 395// 396// 334//
f 334// 396// 397//
f 334// 397// 332//
f 395// 398// 396//
f 396// 398// 399//
f 396// 399// 400//
f 400// 399// 401//
f 400// 402// 403//
f 401// 404// 400//
f 400// 404// 405//
f 400// 405// 406//
f 406// 407// 400//
f 400// 407// 408//
f 400// 408// 402//
f 403// 409// 400//
f 400// 409// 410//
f 400// 410// 411//
f 412// 413// 414//
f 415// 416// 417//
f 414// 418// 412//
f 412// 418// 419//
f 412// 419// 420//
f 420// 419// 415//
f 420// 415// 421//
f 421// 415// 417//
f 422// 423// 6//
f 359// 6// 369//
f 369// 6// 423//
f 369// 423// 418//
f 418// 423// 424//
f 418// 424// 419//
f 425// 426// 422//
f 427// 428// 429//
f 429// 428// 430//
f 429// 430// 425//
f 425// 422// 429//
f 429// 422// 6//
f 429// 6// 431//
f 431// 6// 358//
f 431// 358// 432//
f 431// 433// 429//
f 429// 433// 434//
f 429// 434// 435//
f 436// 437// 438//
f 438// 437// 439//
f 438// 439// 358//
f 358// 439// 440//
f 358// 440// 432//
f 435// 441// 429//
f 429// 441// 442//
f 429// 442// 427//
f 443// 444// 445//
f 443// 445// 446//
f 444// 447// 445//
f 445// 447// 448//
f 445// 448// 438//
f 438// 448// 449//
f 438// 449// 436//
f 450// 451// 452//
f 452// 451// 453//
f 454// 455// 456//
f 456// 455// 457//
f 456// 457// 458//
f 458// 457// 459//
f 458// 459// 460//
f 450// 452// 461//
f 461// 452// 457//
f 461// 457// 462//
f 462// 457// 455//
f 462// 455// 463//
f 455// 464// 463//
f 463// 464// 465//
f 463// 465// 466//
f 459// 467// 460//
f 460// 467// 468//
f 460// 468// 469//
f 469// 468// 470//
f 454// 456// 471//
f 471// 456// 472//
f 471// 472// 470//
f 470// 472// 414//
f 470// 414// 469//
f 469// 414// 413//
f 469// 413// 446//
f 260// 3// 473//
f 473// 3// 2//
f 473// 2// 474//
f 474// 2// 234//
f 474// 234// 475//
f 475// 234// 476//
f 475// 476// 477//
f 477// 476// 478//
f 477// 478// 479//
f 479// 478// 480//
f 479// 480// 481//
f 481// 480// 482//
f 481// 482// 483//
f 483// 482// 484//
f 483// 484// 485//
f 485// 484// 486//
f 485// 486// 487//
f 201// 200// 234//
f 234// 200// 182//
f 234// 182// 476//
f 476// 182// 181//
f 476// 181// 478//
f 478// 181// 268//
f 478// 268// 480//
f 480// 268// 174//
f 480// 174// 482//
f 482// 174// 169//
f 482// 169// 484//
f 484// 169// 167//
f 484// 167// 486//
f 259// 258// 260//
f 260// 258// 21//
f 260// 21// 3//
f 3// 21// 242//
f 3// 242// 1//
f 1// 242// 241//
f 1// 241// 236//
f 246// 242// 245//
f 245// 242// 488//
f 245// 488// 489//
f 13// 490// 12//
f 12// 490// 491//
f 12// 491// 492//
f 493// 488// 492//
f 492// 488// 242//
f 492// 242// 12//
f 12// 242// 21//
f 12// 21// 14//
f 14// 21// 20//
f 208// 257// 194//
f 194// 257// 369//
f 194// 369// 195//
f 195// 369// 418//
f 195// 418// 196//
f 196// 418// 414//
f 196// 414// 277//
f 277// 414// 472//
f 277// 472// 172//
f 172// 472// 456//
f 172// 456// 164//
f 489// 490// 245//
f 245// 490// 13//
f 245// 13// 494//
f 494// 13// 70//
f 495// 496// 458//
f 497// 498// 499//
f 499// 495// 497//
f 497// 495// 458//
f 497// 458// 500//
f 500// 458// 501//
f 500// 501// 502//
f 502// 501// 503//
f 504// 505// 506//
f 506// 505// 507//
f 506// 507// 496//
f 496// 507// 508//
f 496// 508// 509//
f 509// 510// 496//
f 496// 510// 511//
f 496// 511// 512//
f 168// 165// 166//
f 166// 165// 164//
f 166// 164// 503//
f 503// 164// 456//
f 503// 456// 502//
f 502// 456// 506//
f 513// 456// 514//
f 514// 456// 458//
f 514// 458// 515//
f 515// 458// 496//
f 515// 496// 516//
f 516// 496// 512//
f 513// 517// 456//
f 456// 517// 518//
f 456// 518// 506//
f 506// 518// 519//
f 506// 519// 520//
f 520// 521// 506//
f 506// 521// 522//
f 506// 522// 504//
f 252// 243// 249//
f 249// 243// 245//
f 249// 245// 254//
f 254// 245// 494//
f 254// 494// 300//
f 300// 494// 523//
f 81// 523// 524//
f 524// 523// 525//
f 525// 523// 526//
f 526// 523// 494//
f 526// 494// 527//
f 81// 524// 70//
f 70// 524// 528//
f 70// 528// 494//
f 494// 528// 529//
f 494// 529// 527//
f 530// 531// 532//
f 532// 531// 526//
f 532// 526// 533//
f 533// 526// 527//
f 533// 527// 534//
f 534// 527// 535//
f 446// 445// 469//
f 469// 445// 536//
f 469// 536// 460//
f 460// 536// 537//
f 460// 537// 458//
f 458// 537// 538//
f 458// 538// 501//
f 62// 64// 81//
f 81// 64// 539//
f 81// 539// 523//
f 523// 539// 348//
f 523// 348// 300//
f 300// 348// 350//
f 300// 350// 298//
f 56// 58// 64//
f 64// 58// 540//
f 64// 540// 539//
f 539// 540// 541//
f 539// 541// 348//
f 348// 541// 542//
f 348// 542// 347//
f 347// 542// 543//
f 347// 543// 358//
f 358// 543// 544//
f 358// 544// 438//
f 438// 544// 545//
f 438// 545// 445//
f 445// 545// 546//
f 445// 546// 536//
f 536// 546// 547//
f 536// 547// 537//
f 537// 547// 548//
f 537// 548// 538//
f 258// 267// 25//
f 25// 267// 266//
f 25// 266// 27//
f 27// 266// 549//
f 27// 549// 37//
f 37// 549// 550//
f 37// 550// 38//
f 38// 550// 551//
f 38// 551// 45//
f 45// 551// 552//
f 45// 552// 9//
f 9// 552// 553//
f 9// 553// 61//
f 61// 553// 554//
usemtl 2
f 555// 556// 557//
f 557// 556// 558//
f 557// 558// 559//
f 556// 555// 560//
f 560// 555// 561//
f 560// 561// 562//
f 562// 561// 563//
f 563// 561// 564//
f 563// 564// 565//
f 557// 559// 564//
f 564// 559// 566//
f 564// 566// 565//
f 567// 568// 560//
f 569// 570// 571//
f 572// 566// 559//
f 560// 568// 556//
f 556// 568// 573//
f 556// 573// 558//
f 558// 573// 574//
f 558// 574// 559//
f 559// 574// 575//
f 559// 575// 572//
f 570// 569// 576//
f 576// 569// 563//
f 576// 563// 577//
f 577// 563// 565//
f 577// 565// 578//
f 578// 565// 566//
f 578// 566// 579//
f 579// 566// 572//
f 579// 572// 571//
f 571// 572// 567//
f 571// 567// 569//
f 580// 581// 563//
f 563// 581// 582//
f 563// 582// 583//
f 584// 585// 586//
f 587// 588// 589//
f 590// 563// 591//
f 591// 563// 592//
f 593// 594// 595//
f 596// 597// 562//
f 598// 599// 569//
f 569// 599// 600//
f 600// 601// 569//
f 569// 601// 602//
f 569// 602// 563//
f 563// 602// 603//
f 563// 603// 580//
f 563// 604// 605//
f 583// 606// 563//
f 563// 606// 607//
f 563// 607// 592//
f 605// 608// 563//
f 563// 608// 609//
f 563// 609// 562//
f 562// 609// 610//
f 562// 610// 596//
f 611// 560// 612//
f 612// 560// 562//
f 612// 562// 613//
f 613// 562// 597//
f 611// 614// 560//
f 560// 614// 615//
f 560// 615// 616//
f 616// 617// 560//
f 560// 617// 618//
f 560// 618// 619//
f 607// 620// 592//
f 592// 620// 621//
f 592// 621// 622//
f 622// 621// 623//
f 621// 624// 623//
f 623// 624// 625//
f 623// 625// 626//
f 626// 625// 627//
f 626// 627// 628//
f 628// 627// 629//
f 628// 629// 630//
f 594// 631// 585//
f 585// 631// 632//
f 585// 632// 586//
f 593// 595// 633//
f 633// 595// 634//
f 633// 634// 635//
f 636// 637// 638//
f 590// 639// 563//
f 563// 639// 637//
f 563// 637// 604//
f 604// 637// 636//
f 630// 629// 586//
f 586// 629// 640//
f 586// 640// 584//
f 585// 641// 594//
f 594// 641// 642//
f 594// 642// 569//
f 569// 642// 643//
f 569// 643// 598//
f 589// 588// 635//
f 635// 588// 644//
f 635// 644// 633//
f 638// 645// 636//
f 636// 645// 646//
f 636// 646// 647//
f 587// 589// 648//
f 648// 589// 649//
f 648// 649// 647//
f 647// 649// 650//
f 647// 650// 636//
f 567// 560// 569//
f 569// 560// 619//
f 569// 619// 594//
f 594// 619// 651//
f 594// 651// 595//
f 561// 652// 564//
f 564// 652// 653//
f 564// 653// 654//
f 655// 555// 654//
f 654// 555// 557//
f 654// 557// 564//
f 656// 652// 657//
f 657// 652// 658//
f 659// 660// 555//
f 555// 660// 661//
f 555// 661// 662//
f 663// 664// 561//
f 561// 664// 665//
f 561// 665// 666//
f 667// 668// 669//
f 662// 670// 555//
f 555// 670// 671//
f 555// 671// 561//
f 561// 671// 672//
f 561// 672// 663//
f 656// 673// 652//
f 652// 673// 674//
f 652// 674// 655//
f 655// 674// 675//
f 655// 675// 676//
f 666// 677// 561//
f 561// 677// 678//
f 561// 678// 679//
f 676// 680// 655//
f 655// 680// 681//
f 655// 681// 555//
f 555// 681// 682//
f 669// 668// 683//
f 683// 668// 684//
f 683// 684// 685//
f 685// 684// 686//
f 685// 686// 687//
f 682// 688// 555//
f 555// 688// 689//
f 555// 689// 690//
f 691// 692// 693//
f 693// 692// 694//
f 693// 694// 695//
f 696// 697// 555//
f 555// 697// 698//
f 555// 698// 699//
f 700// 561// 701//
f 701// 561// 679//
f 701// 679// 694//
f 694// 679// 702//
f 694// 702// 695//
f 703// 704// 690//
f 690// 704// 705//
f 690// 705// 555//
f 555// 705// 706//
f 555// 706// 696//
f 658// 652// 707//
f 707// 652// 561//
f 707// 561// 708//
f 708// 561// 700//
f 708// 700// 686//
f 686// 700// 709//
f 686// 709// 687//
f 710// 711// 712//
f 712// 711// 704//
f 712// 704// 713//
f 713// 704// 703//
f 667// 669// 714//
f 714// 669// 715//
f 714// 715// 710//
f 710// 715// 716//
f 710// 716// 711//
f 699// 717// 718//
f 718// 717// 719//
f 718// 719// 720//
f 720// 719// 721//
f 720// 721// 722//
f 722// 721// 723//
f 722// 723// 691//
f 691// 723// 724//
f 691// 724// 692//
f 718// 725// 699//
f 699// 725// 726//
f 699// 726// 555//
f 555// 726// 727//
f 555// 727// 659//
usemtl 1
f 573// 487// 574//
f 574// 487// 548//
f 574// 548// 575//
f 264// 487// 568//
f 568// 487// 573//
f 264// 568// 554//
f 554// 568// 567//
f 554// 567// 572//
f 548// 554// 575//
f 575// 554// 572//
usemtl 3
f 728// 729// 259//
f 259// 729// 258//
f 729// 730// 258//
f 258// 730// 265//
f 730// 731// 265//
f 265// 731// 263//
f 731// 728// 263//
f 263// 728// 259//
f 731// 730// 728//
f 728// 730// 729//
usemtl 4
f 732// 733// 734//
f 734// 733// 735//
f 734// 735// 736//
f 736// 735// 737//
f 736// 737// 738//
f 738// 737// 739//
f 738// 739// 740//
f 740// 739// 741//
f 740// 741// 742//
f 742// 741// 743//
f 742// 743// 744//
f 744// 743// 745//
f 744// 745// 746//
f 746// 745// 747//
f 746// 747// 748//
f 748// 747// 749//
f 748// 749// 750//
f 750// 749// 751//
f 750// 751// 752//
f 752// 751// 753//
f 752// 753// 754//
f 754// 753// 755//
f 754// 755// 756//
f 756// 755// 757//
f 756// 757// 758//
f 758// 757// 759//
f 758// 759// 760//
f 760// 759// 761//
f 760// 761// 762//
f 762// 761// 763//
f 762// 763// 764//
f 764// 763// 765//
f 764// 765// 766//
f 766// 765// 767//
f 766// 767// 768//
f 768// 767// 769//
f 768// 769// 770//
f 770// 769// 771//
f 770// 771// 772//
f 772// 771// 773//
f 772// 773// 774//
f 774// 773// 775//
f 774// 775// 776//
f 776// 775// 777//
f 776// 777// 778//
f 778// 777// 779//
f 778// 779// 732//
f 732// 779// 733//
f 689// 765// 690//
f 690// 765// 763//
f 690// 763// 703//
f 703// 763// 761//
f 703// 761// 713//
f 713// 761// 759//
f 713// 759// 712//
f 712// 759// 757//
f 712// 757// 710//
f 710// 757// 755//
f 710// 755// 714//
f 714// 755// 753//
f 714// 753// 667//
f 667// 753// 751//
f 667// 751// 668//
f 668// 751// 749//
f 668// 749// 684//
f 684// 749// 747//
f 684// 747// 686//
f 686// 747// 745//
f 686// 745// 708//
f 708// 745// 743//
f 708// 743// 707//
f 707// 743// 741//
f 707// 741// 658//
f 658// 741// 739//
f 658// 739// 657//
f 657// 739// 737//
f 657// 737// 656//
f 656// 737// 735//
f 656// 735// 673//
f 673// 735// 733//
f 673// 733// 674//
f 674// 733// 779//
f 674// 779// 675//
f 675// 779// 777//
f 675// 777// 676//
f 676// 777// 775//
f 676// 775// 680//
f 680// 775// 773//
f 680// 773// 681//
f 681// 773// 771//
f 681// 771// 682//
f 682// 771// 769//
f 682// 769// 688//
f 688// 769// 767//
f 688// 767// 689//
f 689// 767// 765//
f 780// 641// 781//
f 781// 641// 585//
f 781// 585// 782//
f 782// 585// 584//
f 782// 584// 783//
f 783// 584// 640//
f 783// 640// 784//
f 784// 640// 629//
f 784// 629// 785//
f 785// 629// 627//
f 785// 627// 786//
f 786// 627// 625//
f 786// 625// 787//
f 787// 625// 624//
f 787// 624// 788//
f 788// 624// 621//
f 788// 621// 789//
f 789// 621// 620//
f 789// 620// 790//
f 790// 620// 607//
f 790// 607// 791//
f 791// 607// 606//
f 791// 606// 792//
f 792// 606// 583//
f 792// 583// 793//
f 793// 583// 582//
f 793// 582// 794//
f 794// 582// 581//
f 794// 581// 795//
f 795// 581// 580//
f 795// 580// 796//
f 796// 580// 603//
f 796// 603// 797//
f 797// 603// 602//
f 797// 602// 798//
f 798// 602// 601//
f 798// 601// 799//
f 799// 601// 600//
f 799// 600// 800//
f 800// 600// 599//
f 800// 599// 801//
f 801// 599// 598//
f 801// 598// 802//
f 802// 598// 643//
f 802// 643// 803//
f 803// 643// 642//
f 803// 642// 780//
f 780// 642// 641//
f 804// 797// 805//
f 805// 797// 798//
f 805// 798// 806//
f 806// 798// 799//
f 806// 799// 807//
f 807// 799// 800//
f 807// 800// 808//
f 808// 800// 801//
f 808// 801// 809//
f 809// 801// 802//
f 809// 802// 810//
f 810// 802// 803//
f 810// 803// 811//
f 811// 803// 780//
f 811// 780// 812//
f 812// 780// 781//
f 812// 781// 813//
f 813// 781// 782//
f 813// 782// 814//
f 814// 782// 783//
f 814// 783// 815//
f 815// 783// 784//
f 815// 784// 816//
f 816// 784// 785//
f 816// 785// 817//
f 817// 785// 786//
f 817// 786// 818//
f 818// 786// 787//
f 818// 787// 819//
f 819// 787// 788//
f 819// 788// 820//
f 820// 788// 789//
f 820// 789// 821//
f 821// 789// 790//
f 821// 790// 822//
f 822// 790// 791//
f 822// 791// 823//
f 823// 791// 792//
f 823// 792// 824//
f 824// 792// 793//
f 824// 793// 825//
f 825// 793// 794//
f 825// 794// 826//
f 826// 794// 795//
f 826// 795// 827//
f 827// 795// 796//
f 827// 796// 804//
f 804// 796// 797//
f 828// 829// 830//
f 830// 829// 831//
f 830// 831// 832//
f 832// 831// 833//
f 832// 833// 834//
f 834// 833// 835//
f 834// 835// 836//
f 836// 835// 837//
f 836// 837// 838//
f 838// 837// 839//
f 838// 839// 840//
f 840// 839// 841//
f 840// 841// 842//
f 842// 841// 843//
f 842// 843// 844//
f 844// 843// 845//
f 844// 845// 846//
f 846// 845// 847//
f 846// 847// 848//
f 848// 847// 849//
f 848// 849// 850//
f 850// 849// 851//
f 850// 851// 852//
f 852// 851// 853//
f 852// 853// 854//
f 854// 853// 855//
f 854// 855// 856//
f 856// 855// 857//
f 856// 857// 858//
f 858// 857// 859//
f 858// 859// 860//
f 860// 859// 861//
f 860// 861// 862//
f 862// 861// 863//
f 862// 863// 864//
f 864// 863// 865//
f 864// 865// 866//
f 866// 865// 867//
f 866// 867// 868//
f 868// 867// 869//
f 868// 869// 870//
f 870// 869// 871//
f 870// 871// 872//
f 872// 871// 873//
f 872// 873// 874//
f 874// 873// 875//
f 874// 875// 828//
f 828// 875// 829//
f 696// 863// 697//
f 697// 863// 861//
f 697// 861// 698//
f 698// 861// 859//
f 698// 859// 699//
f 699// 859// 857//
f 699// 857// 717//
f 717// 857// 855//
f 717// 855// 719//
f 719// 855// 853//
f 719// 853// 721//
f 721// 853// 851//
f 721// 851// 723//
f 723// 851// 849//
f 723// 849// 724//
f 724// 849// 847//
f 724// 847// 692//
f 692// 847// 845//
f 692// 845// 694//
f 694// 845// 843//
f 694// 843// 701//
f 701// 843// 841//
f 701// 841// 700//
f 700// 841// 839//
f 700// 839// 709//
f 709// 839// 837//
f 709// 837// 687//
f 687// 837// 835//
f 687// 835// 685//
f 685// 835// 833//
f 685// 833// 683//
f 683// 833// 831//
f 683// 831// 669//
f 669// 831// 829//
f 669// 829// 715//
f 715// 829// 875//
f 715// 875// 716//
f 716// 875// 873//
f 716// 873// 711//
f 711// 873// 871//
f 711// 871// 704//
f 704// 871// 869//
f 704// 869// 705//
f 705// 869// 867//
f 705// 867// 706//
f 706// 867// 865//
f 706// 865// 696//
f 696// 865// 863//
f 876// 593// 877//
f 877// 593// 633//
f 877// 633// 878//
f 878// 633// 644//
f 878// 644// 879//
f 879// 644// 588//
f 879// 588// 880//
f 880// 588// 587//
f 880// 587// 881//
f 881// 587// 648//
f 881// 648// 882//
f 882// 648// 647//
f 882// 647// 883//
f 883// 647// 646//
f 883// 646// 884//
f 884// 646// 645//
f 884// 645// 885//
f 885// 645// 638//
f 885// 638// 886//
f 886// 638// 637//
f 886// 637// 887//
f 887// 637// 639//
f 887// 639// 888//
f 888// 639// 590//
f 888// 590// 889//
f 889// 590// 591//
f 889// 591// 890//
f 890// 591// 592//
f 890// 592// 891//
f 891// 592// 622//
f 891// 622// 892//
f 892// 622// 623//
f 892// 623// 893//
f 893// 623// 626//
f 893// 626// 894//
f 894// 626// 628//
f 894// 628// 895//
f 895// 628// 630//
f 895// 630// 896//
f 896// 630// 586//
f 896// 586// 897//
f 897// 586// 632//
f 897// 632// 898//
f 898// 632// 631//
f 898// 631// 899//
f 899// 631// 594//
f 899// 594// 876//
f 876// 594// 593//
f 900// 894// 901//
f 901// 894// 895//
f 901// 895// 902//
f 902// 895// 896//
f 902// 896// 903//
f 903// 896// 897//
f 903// 897// 904//
f 904// 897// 898//
f 904// 898// 905//
f 905// 898// 899//
f 905// 899// 906//
f 906// 899// 876//
f 906// 876// 907//
f 907// 876// 877//
f 907// 877// 908//
f 908// 877// 878//
f 908// 878// 909//
f 909// 878// 879//
f 909// 879// 910//
f 910// 879// 880//
f 910// 880// 911//
f 911// 880// 881//
f 911// 881// 912//
f 912// 881// 882//
f 912// 882// 913//
f 913// 882// 883//
f 913// 883// 914//
f 914// 883// 884//
f 914// 884// 915//
f 915// 884// 885//
f 915// 885// 916//
f 916// 885// 886//
f 916// 886// 917//
f 917// 886// 887//
f 917// 887// 918//
f 918// 887// 888//
f 918// 888// 919//
f 919// 888// 889//
f 919// 889// 920//
f 920// 889// 890//
f 920// 890// 921//
f 921// 890// 891//
f 921// 891// 922//
f 922// 891// 892//
f 922// 892// 923//
f 923// 892// 893//
f 923// 893// 900//
f 900// 893// 894//
f 924// 925// 926//
f 926// 925// 927//
f 926// 927// 928//
f 928// 927// 929//
f 928// 929// 930//
f 930// 929// 931//
f 930// 931// 932//
f 932// 931// 933//
f 932// 933// 934//
f 934// 933// 935//
f 934// 935// 936//
f 936// 935// 937//
f 936// 937// 938//
f 938// 937// 939//
f 938// 939// 940//
f 940// 939// 941//
f 940// 941// 942//
f 942// 941// 943//
f 942// 943// 944//
f 944// 943// 945//
f 944// 945// 946//
f 946// 945// 947//
f 946// 947// 948//
f 948// 947// 949//
f 948// 949// 950//
f 950// 949// 951//
f 950// 951// 952//
f 952// 951// 953//
f 952// 953// 954//
f 954// 953// 955//
f 954// 955// 956//
f 956// 955// 957//
f 956// 957// 958//
f 958// 957// 959//
f 958// 959// 960//
f 960// 959// 961//
f 960// 961// 962//
f 962// 961// 963//
f 962// 963// 964//
f 964// 963// 965//
f 964// 965// 966//
f 966// 965// 967//
f 966// 967// 968//
f 968// 967// 969//
f 968// 969// 970//
f 970// 969// 971//
f 970// 971// 924//
f 924// 971// 925//
f 660// 949// 661//
f 661// 949// 947//
f 661// 947// 662//
f 662// 947// 945//
f 662// 945// 670//
f 670// 945// 943//
f 670// 943// 671//
f 671// 943// 941//
f 671// 941// 672//
f 672// 941// 939//
f 672// 939// 663//
f 663// 939// 937//
f 663// 937// 664//
f 664// 937// 935//
f 664// 935// 665//
f 665// 935// 933//
f 665// 933// 666//
f 666// 933// 931//
f 666// 931// 677//
f 677// 931// 929//
f 677// 929// 678//
f 678// 929// 927//
f 678// 927// 679//
f 679// 927// 925//
f 679// 925// 702//
f 702// 925// 971//
f 702// 971// 695//
f 695// 971// 969//
f 695// 969// 693//
f 693// 969// 967//
f 693// 967// 691//
f 691// 967// 965//
f 691// 965// 722//
f 722// 965// 963//
f 722// 963// 720//
f 720// 963// 961//
f 720// 961// 718//
f 718// 961// 959//
f 718// 959// 725//
f 725// 959// 957//
f 725// 957// 726//
f 726// 957// 955//
f 726// 955// 727//
f 727// 955// 953//
f 727// 953// 659//
f 659// 953// 951//
f 659// 951// 660//
f 660// 951// 949//
f 972// 618// 973//
f 973// 618// 617//
f 973// 617// 974//
f 974// 617// 616//
f 974// 616// 975//
f 975// 616// 615//
f 975// 615// 976//
f 976// 615// 614//
f 976// 614// 977//
f 977// 614// 611//
f 977// 611// 978//
f 978// 611// 612//
f 978// 612// 979//
f 979// 612// 613//
f 979// 613// 980//
f 980// 613// 597//
f 980// 597// 981//
f 981// 597// 596//
f 981// 596// 982//
f 982// 596// 610//
f 982// 610// 983//
f 983// 610// 609//
f 983// 609// 984//
f 984// 609// 608//
f 984// 608// 985//
f 985// 608// 605//
f 985// 605// 986//
f 986// 605// 604//
f 986// 604// 987//
f 987// 604// 636//
f 987// 636// 988//
f 988// 636// 650//
f 988// 650// 989//
f 989// 650// 649//
f 989// 649// 990//
f 990// 649// 589//
f 990// 589// 991//
f 991// 589// 635//
f 991// 635// 992//
f 992// 635// 634//
f 992// 634// 993//
f 993// 634// 595//
f 993// 595// 994//
f 994// 595// 651//
f 994// 651// 995//
f 995// 651// 619//
f 995// 619// 972//
f 972// 619// 618//
f 996// 985// 997//
f 997// 985// 986//
f 997// 986// 998//
f 998// 986// 987//
f 998// 987// 999//
f 999// 987// 988//
f 999// 988// 1000//
f 1000// 988// 989//
f 1000// 989// 1001//
f 1001// 989// 990//
f 1001// 990// 1002//
f 1002// 990// 991//
f 1002// 991// 1003//
f 1003// 991// 992//
f 1003// 992// 1004//
f 1004// 992// 993//
f 1004// 993// 1005//
f 1005// 993// 994//
f 1005// 994// 1006//
f 1006// 994// 995//
f 1006// 995// 1007//
f 1007// 995// 972//
f 1007// 972// 1008//
f 1008// 972// 973//
f 1008// 973// 1009//
f 1009// 973// 974//
f 1009// 974// 1010//
f 1010// 974// 975//
f 1010// 975// 1011//
f 1011// 975// 976//
f 1011// 976// 1012//
f 1012// 976// 977//
f 1012// 977// 1013//
f 1013// 977// 978//
f 1013// 978// 1014//
f 1014// 978// 979//
f 1014// 979// 1015//
f 1015// 979// 980//
f 1015// 980// 1016//
f 1016// 980// 981//
f 1016// 981// 1017//
f 1017// 981// 982//
f 1017// 982// 1018//
f 1018// 982// 983//
f 1018// 983// 1019//
f 1019// 983// 984//
f 1019// 984// 996//
f 996// 984// 985//
f 950// 1007// 948//
f 948// 1007// 1008//
f 948// 1008// 946//
f 946// 1008// 1009//
f 946// 1009// 944//
f 944// 1009// 1010//
f 944// 1010// 942//
f 942// 1010// 1011//
f 942// 1011// 940//
f 940// 1011// 1012//
f 940// 1012// 938//
f 938// 1012// 1013//
f 938// 1013// 936//
f 936// 1013// 1014//
f 936// 1014// 934//
f 934// 1014// 1015//
f 934// 1015// 932//
f 932// 1015// 1016//
f 932// 1016// 930//
f 930// 1016// 1017//
f 930// 1017// 928//
f 928// 1017// 1018//
f 928// 1018// 926//
f 926// 1018// 1019//
f 926// 1019// 924//
f 924// 1019// 996//
f 924// 996// 970//
f 970// 996// 997//
f 970// 997// 968//
f 968// 997// 998//
f 968// 998// 966//
f 966// 998// 999//
f 966// 999// 964//
f 964// 999// 1000//
f 964// 1000// 962//
f 962// 1000// 1001//
f 962// 1001// 960//
f 960// 1001// 1002//
f 960// 1002// 958//
f 958// 1002// 1003//
f 958// 1003// 956//
f 956// 1003// 1004//
f 956// 1004// 954//
f 954// 1004// 1005//
f 954// 1005// 952//
f 952// 1005// 1006//
f 952// 1006// 950//
f 950// 1006// 1007//
f 864// 906// 862//
f 862// 906// 907//
f 862// 907// 860//
f 860// 907// 908//
f 860// 908// 858//
f 858// 908// 909//
f 858// 909// 856//
f 856// 909// 910//
f 856// 910// 854//
f 854// 910// 911//
f 854// 911// 852//
f 852// 911// 912//
f 852// 912// 850//
f 850// 912// 913//
f 850// 913// 848//
f 848// 913// 914//
f 848// 914// 846//
f 846// 914// 915//
f 846// 915// 844//
f 844// 915// 916//
f 844// 916// 842//
f 842// 916// 917//
f 842// 917// 840//
f 840// 917// 918//
f 840// 918// 838//
f 838// 918// 919//
f 838// 919// 836//
f 836// 919// 920//
f 836// 920// 834//
f 834// 920// 921//
f 834// 921// 832//
f 832// 921// 922//
f 832// 922// 830//
f 830// 922// 923//
f 830// 923// 828//
f 828// 923// 900//
f 828// 900// 874//
f 874// 900// 901//
f 874// 901// 872//
f 872// 901// 902//
f 872// 902// 870//
f 870// 902// 903//
f 870// 903// 868//
f 868// 903// 904//
f 868// 904// 866//
f 866// 904// 905//
f 866// 905// 864//
f 864// 905// 906//
f 766// 811// 764//
f 764// 811// 812//
f 764// 812// 762//
f 762// 812// 813//
f 762// 813// 760//
f 760// 813// 814//
f 760// 814// 758//
f 758// 814// 815//
f 758// 815// 756//
f 756// 815// 816//
f 756// 816// 754//
f 754// 816// 817//
f 754// 817// 752//
f 752// 817// 818//
f 752// 818// 750//
f 750// 818// 819//
f 750// 819// 748//
f 748// 819// 820//
f 748// 820// 746//
f 746// 820// 821//
f 746// 821// 744//
f 744// 821// 822//
f 744// 822// 742//
f 742// 822// 823//
f 742// 823// 740//
f 740// 823// 824//
f 740// 824// 738//
f 738// 824// 825//
f 738// 825// 736//
f 736// 825// 826//
f 736// 826// 734//
f 734// 826// 827//
f 734// 827// 732//
f 732// 827// 804//
f 732// 804// 778//
f 778// 804// 805//
f 778// 805// 776//
f 776// 805// 806//
f 776// 806// 774//
f 774// 806// 807//
f 774// 807// 772//
f 772// 807// 808//
f 772// 808// 770//
f 770// 808// 809//
f 770// 809// 768//
f 768// 809// 810//
f 768// 810// 766//
f 766// 810// 811//
f 1020// 1021// 1022//
f 1022// 1021// 1023//
f 1022// 1023// 1024//
f 1024// 1025// 1022//
f 1022// 1025// 1026//
f 1022// 1026// 1027//
f 1026// 1028// 1027//
f 1027// 1028// 1029//
f 1027// 1029// 1030//
f 1031// 1032// 1033//
f 1034// 1035// 1036//
f 1036// 1035// 1033//
f 1034// 1037// 1035//
f 1035// 1037// 1038//
f 1035// 1038// 1039//
f 1032// 1040// 1033//
f 1033// 1040// 1041//
f 1033// 1041// 1036//
f 1039// 1042// 1035//
f 1035// 1042// 1043//
f 1035// 1043// 1022//
f 1022// 1043// 1044//
f 1022// 1044// 1020//
f 1030// 1045// 1027//
f 1027// 1045// 1046//
f 1027// 1046// 1033//
f 1033// 1046// 1047//
f 1033// 1047// 1031//
f 576// 1035// 570//
f 570// 1035// 1022//
f 570// 1022// 571//
f 577// 1033// 576//
f 576// 1033// 1035//
f 1033// 577// 1027//
f 1027// 577// 578//
f 1027// 578// 579//
f 571// 1022// 579//
f 579// 1022// 1027//
f 1048// 1049// 654//
f 654// 1049// 655//
f 1050// 1048// 653//
f 653// 1048// 654//
f 1051// 1050// 652//
f 652// 1050// 653//
f 1049// 1051// 655//
f 655// 1051// 652//
f 1052// 1026// 1053//
f 1053// 1026// 1025//
f 1053// 1025// 1054//
f 1054// 1025// 1024//
f 1054// 1024// 1055//
f 1055// 1024// 1023//
f 1055// 1023// 1056//
f 1056// 1023// 1021//
f 1056// 1021// 1057//
f 1057// 1021// 1020//
f 1057// 1020// 1058//
f 1058// 1020// 1044//
f 1058// 1044// 1059//
f 1059// 1044// 1043//
f 1059// 1043// 1060//
f 1060// 1043// 1042//
f 1060// 1042// 1061//
f 1061// 1042// 1039//
f 1061// 1039// 1062//
f 1062// 1039// 1038//
f 1062// 1038// 1063//
f 1063// 1038// 1037//
f 1063// 1037// 1064//
f 1064// 1037// 1034//
f 1064// 1034// 1065//
f 1065// 1034// 1036//
f 1065// 1036// 1066//
f 1066// 1036// 1041//
f 1066// 1041// 1067//
f 1067// 1041// 1040//
f 1067// 1040// 1068//
f 1068// 1040// 1032//
f 1068// 1032// 1069//
f 1069// 1032// 1031//
f 1069// 1031// 1070//
f 1070// 1031// 1047//
f 1070// 1047// 1071//
f 1071// 1047// 1046//
f 1071// 1046// 1072//
f 1072// 1046// 1045//
f 1072// 1045// 1073//
f 1073// 1045// 1030//
f 1073// 1030// 1074//
f 1074// 1030// 1029//
f 1074// 1029// 1075//
f 1075// 1029// 1028//
f 1075// 1028// 1052//
f 1052// 1028// 1026//
f 1075// 1052// 1048//
f 1056// 1049// 1055//
f 1055// 1049// 1054//
f 1050// 1066// 1067//
f 1071// 1072// 1048//
f 1048// 1052// 1049//
f 1049// 1052// 1053//
f 1049// 1053// 1054//
f 1062// 1051// 1061//
f 1061// 1051// 1060//
f 1062// 1063// 1051//
f 1051// 1063// 1064//
f 1051// 1064// 1050//
f 1050// 1064// 1065//
f 1050// 1065// 1066//
f 1072// 1073// 1048//
f 1048// 1073// 1074//
f 1048// 1074// 1075//
f 1056// 1057// 1049//
f 1049// 1057// 1058//
f 1049// 1058// 1051//
f 1051// 1058// 1059//
f 1051// 1059// 1060//
f 1067// 1068// 1050//
f 1050// 1068// 1069//
f 1050// 1069// 1048//
f 1048// 1069// 1070//
f 1048// 1070// 1071//
usemtl 5
f 1076// 1077// 488//
f 488// 1077// 489//
f 1078// 1076// 493//
f 493// 1076// 488//
f 1079// 1078// 492//
f 492// 1078// 493//
f 1080// 1079// 491//
f 491// 1079// 492//
f 1081// 1080// 490//
f 490// 1080// 491//
f 1077// 1081// 489//
f 489// 1081// 490//
f 1079// 1080// 1078//
f 1078// 1080// 1081//
f 1078// 1081// 1076//
f 1076// 1081// 1077//
f 206// 1082// 1083//
f 1084// 256// 208//
f 1084// 208// 1083//
f 1083// 208// 207//
f 1083// 207// 206//
f 1085// 1082// 205//
f 205// 1082// 206//
f 1085// 205// 210//
f 1085// 210// 1086//
f 1086// 210// 209//
f 1086// 209// 1087//
f 1087// 209// 225//
f 1087// 225// 1088//
f 1088// 225// 224//
f 1088// 224// 1089//
f 1089// 224// 223//
f 1089// 223// 1090//
f 1090// 223// 229//
f 1090// 229// 1091//
f 1091// 229// 222//
f 1091// 222// 1092//
f 1092// 222// 221//
f 1092// 221// 1093//
f 1093// 221// 220//
f 1093// 220// 1094//
f 1094// 220// 211//
f 1094// 211// 1095//
f 1095// 211// 212//
f 1095// 212// 1096//
f 1096// 212// 215//
f 1096// 215// 1097//
f 1097// 215// 214//
f 1097// 214// 1098//
f 1098// 214// 213//
f 1098// 213// 1099//
f 1099// 213// 228//
f 1099// 228// 1100//
f 1100// 228// 227//
f 1100// 227// 1101//
f 1101// 227// 219//
f 1101// 219// 1102//
f 1102// 219// 218//
f 1102// 218// 1103//
f 1103// 218// 217//
f 1103// 217// 1104//
f 1104// 217// 216//
f 1104// 216// 1105//
f 1105// 216// 226//
f 1105// 226// 1106//
f 1106// 226// 204//
f 1106// 204// 1107//
f 1108// 1107// 203//
f 203// 1107// 204//
f 233// 1109// 1110//
f 1108// 203// 202//
f 1108// 202// 1111//
f 1111// 202// 201//
f 1111// 201// 1110//
f 1110// 201// 235//
f 1110// 235// 233//
f 1109// 233// 232//
f 1109// 232// 1112//
f 232// 231// 1112//
f 1112// 231// 230//
f 1112// 230// 1113//
f 1113// 230// 239//
f 1113// 239// 1114//
f 1114// 239// 238//
f 1114// 238// 1115//
f 1115// 238// 237//
f 236// 1116// 237//
f 237// 1116// 1117//
f 237// 1117// 1115//
f 236// 241// 1116//
f 1116// 241// 240//
f 1116// 240// 1118//
f 1118// 240// 246//
f 1118// 246// 1119//
f 1119// 246// 244//
f 243// 1120// 244//
f 244// 1120// 1121//
f 244// 1121// 1119//
f 243// 252// 1120//
f 1120// 252// 251//
f 1120// 251// 1122//
f 1122// 251// 250//
f 1122// 250// 1123//
f 247// 1124// 248//
f 248// 1124// 1123//
f 248// 1123// 250//
f 253// 1125// 247//
f 247// 1125// 1126//
f 247// 1126// 1124//
f 253// 255// 1125//
f 1125// 255// 256//
f 1125// 256// 1084//
f 1106// 1107// 1108//
f 1093// 1094// 1121//
f 1097// 1098// 1117//
f 1121// 1094// 1119//
f 1117// 1098// 1115//
f 1106// 1108// 1105//
f 1105// 1108// 1111//
f 1105// 1111// 1104//
f 1104// 1111// 1110//
f 1104// 1110// 1103//
f 1103// 1110// 1109//
f 1103// 1109// 1102//
f 1102// 1109// 1112//
f 1102// 1112// 1101//
f 1082// 1085// 1083//
f 1083// 1085// 1086//
f 1083// 1086// 1084//
f 1112// 1113// 1101//
f 1101// 1113// 1114//
f 1101// 1114// 1100//
f 1100// 1114// 1115//
f 1100// 1115// 1099//
f 1099// 1115// 1098//
f 1121// 1120// 1093//
f 1093// 1120// 1122//
f 1093// 1122// 1092//
f 1092// 1122// 1123//
f 1092// 1123// 1091//
f 1091// 1123// 1124//
f 1091// 1124// 1090//
f 1090// 1124// 1126//
f 1090// 1126// 1089//
f 1089// 1126// 1125//
f 1089// 1125// 1088//
f 1088// 1125// 1084//
f 1088// 1084// 1087//
f 1087// 1084// 1086//
f 1094// 1095// 1119//
f 1119// 1095// 1096//
f 1119// 1096// 1118//
f 1118// 1096// 1097//
f 1118// 1097// 1116//
f 1116// 1097// 1117//
f 1127// 1128// 186//
f 186// 1128// 197//
f 180// 1129// 179//
f 179// 1129// 1127//
f 179// 1127// 186//
f 1130// 1129// 178//
f 178// 1129// 180//
f 1130// 178// 1131//
f 1131// 178// 177//
f 1131// 177// 185//
f 1132// 1131// 187//
f 187// 1131// 185//
f 192// 1133// 189//
f 189// 1133// 1132//
f 189// 1132// 187//
f 1134// 1133// 191//
f 191// 1133// 192//
f 188// 1135// 190//
f 190// 1135// 1134//
f 190// 1134// 191//
f 1136// 1135// 183//
f 183// 1135// 188//
f 199// 1137// 184//
f 184// 1137// 1136//
f 184// 1136// 183//
f 1138// 1137// 193//
f 193// 1137// 199//
f 197// 1128// 198//
f 198// 1128// 1138//
f 198// 1138// 193//
f 1138// 1128// 1127//
f 1127// 1129// 1138//
f 1138// 1129// 1130//
f 1138// 1130// 1137//
f 1135// 1136// 1134//
f 1134// 1136// 1137//
f 1134// 1137// 1133//
f 1133// 1137// 1130//
f 1133// 1130// 1132//
f 1132// 1130// 1131//
f 1139// 1140// 1141//
f 1141// 1140// 1142//
f 1141// 1142// 1143//
f 1143// 1142// 1144//
f 1143// 1144// 1145//
f 1145// 1144// 1146//
f 1145// 1146// 1147//
f 1147// 1146// 1148//
f 1147// 1148// 1149//
f 1149// 1148// 1150//
f 1149// 1150// 1151//
f 1151// 1150// 1152//
f 1151// 1152// 1153//
f 1153// 1152// 1154//
f 1153// 1154// 1155//
f 1155// 1154// 1156//
f 1155// 1156// 1157//
f 1157// 1156// 1158//
f 1157// 1158// 1159//
f 1159// 1158// 1160//
f 1159// 1160// 1161//
f 1161// 1160// 1162//
f 1161// 1162// 1163//
f 1163// 1162// 1164//
f 1163// 1164// 1165//
f 1165// 1164// 1166//
f 1165// 1166// 1167//
f 1167// 1166// 1168//
f 1167// 1168// 1169//
f 1169// 1168// 1170//
f 1169// 1170// 1171//
f 1171// 1170// 1172//
f 1171// 1172// 1173//
f 1173// 1172// 1174//
f 1173// 1174// 1139//
f 1139// 1174// 1140//
f 1140// 1174// 287//
f 287// 1174// 288//
f 1140// 287// 286//
f 1140// 286// 1142//
f 1142// 286// 276//
f 1142// 276// 1144//
f 276// 278// 1144//
f 1144// 278// 280//
f 1144// 280// 1146//
f 1146// 280// 279//
f 1146// 279// 1148//
f 1148// 279// 272//
f 1148// 272// 1150//
f 1150// 272// 271//
f 1150// 271// 1152//
f 1152// 271// 283//
f 1152// 283// 1154//
f 1154// 283// 282//
f 1154// 282// 1156//
f 1156// 282// 281//
f 1156// 281// 1158//
f 1158// 281// 275//
f 1158// 275// 1160//
f 1160// 275// 274//
f 1160// 274// 1162//
f 1162// 274// 273//
f 1162// 273// 1164//
f 1164// 273// 270//
f 269// 1168// 270//
f 270// 1168// 1166//
f 270// 1166// 1164//
f 269// 285// 1168//
f 1168// 285// 284//
f 1168// 284// 1170//
f 1172// 1170// 289//
f 289// 1170// 284//
f 1174// 1172// 288//
f 288// 1172// 289//
f 1169// 1171// 1175//
f 1175// 1171// 1176//
f 1171// 1173// 1176//
f 1176// 1173// 1177//
f 1173// 1139// 1177//
f 1177// 1139// 1178//
f 1147// 1179// 1180//
f 1147// 1180// 1145//
f 1145// 1180// 1181//
f 1145// 1181// 1143//
f 1143// 1181// 1182//
f 1143// 1182// 1141//
f 1141// 1182// 1178//
f 1141// 1178// 1139//
f 1155// 1183// 1184//
f 1155// 1184// 1153//
f 1153// 1184// 1185//
f 1153// 1185// 1151//
f 1151// 1185// 1186//
f 1151// 1186// 1149//
f 1149// 1186// 1179//
f 1149// 1179// 1147//
f 1163// 1187// 1188//
f 1163// 1188// 1161//
f 1161// 1188// 1189//
f 1161// 1189// 1159//
f 1159// 1189// 1190//
f 1159// 1190// 1157//
f 1157// 1190// 1183//
f 1157// 1183// 1155//
f 1169// 1175// 1191//
f 1169// 1191// 1167//
f 1167// 1191// 1192//
f 1167// 1192// 1165//
f 1165// 1192// 1187//
f 1165// 1187// 1163//
usemtl 1
f 1176// 1177// 1175//
f 1175// 1177// 1178//
f 1175// 1178// 1182//
f 1182// 1181// 1175//
f 1175// 1181// 1180//
f 1175// 1180// 1179//
f 1179// 1186// 1175//
f 1175// 1186// 1185//
f 1175// 1185// 1184//
f 1184// 1183// 1175//
f 1175// 1183// 1190//
f 1175// 1190// 1189//
f 1189// 1188// 1175//
f 1175// 1188// 1187//
f 1175// 1187// 1191//
f 1191// 1187// 1192//
usemtl 5
f 1193// 1194// 1195//
f 1195// 1194// 1196//
f 1197// 1198// 1193//
f 1193// 1198// 1199//
f 1193// 1199// 1194//
f 1194// 1199// 1200//
f 1197// 1201// 1198//
f 1198// 1201// 1202//
f 1198// 1202// 1203//
f 1203// 1202// 1204//
f 1203// 1204// 1205//
f 1205// 1206// 1203//
f 1203// 1206// 1195//
f 1203// 1195// 1207//
f 1207// 1195// 1196//
f 1207// 1196// 1208//
f 1203// 1207// 168//
f 168// 1207// 165//
f 1198// 1203// 176//
f 176// 1203// 168//
f 173// 1199// 175//
f 175// 1199// 1198//
f 175// 1198// 176//
f 1200// 1199// 171//
f 171// 1199// 173//
f 1194// 1200// 170//
f 170// 1200// 171//
f 161// 1196// 162//
f 162// 1196// 1194//
f 162// 1194// 170//
f 1208// 1196// 163//
f 163// 1196// 161//
f 1207// 1208// 165//
f 165// 1208// 163//
f 1193// 1195// 1209//
f 1209// 1195// 1210//
f 1195// 1206// 1210//
f 1210// 1206// 1211//
f 1204// 1212// 1213//
f 1204// 1213// 1205//
f 1205// 1213// 1211//
f 1205// 1211// 1206//
f 1204// 1202// 1212//
f 1212// 1202// 1214//
f 1197// 1215// 1216//
f 1197// 1216// 1201//
f 1201// 1216// 1214//
f 1201// 1214// 1202//
f 1197// 1193// 1215//
f 1215// 1193// 1209//
usemtl 1
f 1212// 1214// 1213//
f 1213// 1214// 1216//
f 1213// 1216// 1211//
f 1211// 1216// 1215//
f 1211// 1215// 1210//
f 1210// 1215// 1209//
usemtl 5
f 1217// 1218// 526//
f 526// 1218// 525//
f 1219// 1217// 531//
f 531// 1217// 526//
f 1220// 1219// 530//
f 530// 1219// 531//
f 1221// 1220// 532//
f 532// 1220// 530//
f 1222// 1221// 533//
f 533// 1221// 532//
f 1223// 1222// 534//
f 534// 1222// 533//
f 1224// 1223// 535//
f 535// 1223// 534//
f 1225// 1224// 527//
f 527// 1224// 535//
f 1226// 1225// 529//
f 529// 1225// 527//
f 1227// 1226// 528//
f 528// 1226// 529//
f 1228// 1227// 524//
f 524// 1227// 528//
f 1218// 1228// 525//
f 525// 1228// 524//
f 1228// 1218// 1217//
f 1217// 1219// 1228//
f 1228// 1219// 1220//
f 1228// 1220// 1227//
f 1225// 1226// 1224//
f 1224// 1226// 1227//
f 1224// 1227// 1223//
f 1223// 1227// 1220//
f 1223// 1220// 1222//
f 1222// 1220// 1221//
f 1229// 1230// 1231//
f 1231// 1230// 1232//
f 1233// 1234// 1235//
f 1236// 1237// 1238//
f 1238// 1237// 1239//
f 1240// 1241// 1232//
f 1232// 1241// 1242//
f 1242// 1243// 1232//
f 1232// 1243// 1244//
f 1232// 1244// 1231//
f 1231// 1244// 1245//
f 1231// 1245// 1236//
f 1236// 1245// 1246//
f 1236// 1246// 1237//
f 1235// 1240// 1233//
f 1233// 1240// 1232//
f 1233// 1232// 1247//
f 1247// 1232// 1248//
f 1247// 1248// 1249//
f 1249// 1248// 1250//
f 1249// 1250// 1251//
f 1251// 1250// 1252//
f 1251// 1252// 1253//
f 1253// 1252// 1254//
f 1253// 1254// 1255//
f 1255// 1254// 1256//
f 1255// 1256// 1257//
f 1257// 1256// 1258//
f 1257// 1258// 1259//
f 1259// 1258// 1260//
f 1259// 1260// 1261//
f 1261// 1260// 1262//
f 1261// 1262// 1263//
f 1263// 1262// 1264//
f 1263// 1264// 1265//
f 1265// 1264// 1266//
f 1267// 1268// 1269//
f 1269// 1268// 1270//
f 1269// 1270// 1271//
f 1271// 1270// 1272//
f 1271// 1272// 1273//
f 1273// 1272// 1274//
f 1273// 1274// 1275//
f 1275// 1274// 1276//
f 1275// 1276// 1277//
f 1277// 1276// 1278//
f 1277// 1278// 1239//
f 1239// 1278// 1279//
f 1239// 1279// 1238//
f 1280// 1281// 1282//
f 1282// 1281// 1283//
f 1282// 1283// 1284//
f 1284// 1283// 1285//
f 1284// 1285// 1286//
f 1286// 1285// 1287//
f 1286// 1287// 1267//
f 1267// 1287// 1288//
f 1267// 1288// 1268//
f 1233// 1289// 1234//
f 1234// 1289// 1290//
f 1234// 1290// 1291//
f 1291// 1290// 1292//
f 1291// 1292// 1293//
f 1293// 1292// 1294//
f 1293// 1294// 1295//
f 1295// 1294// 1296//
f 1295// 1296// 1280//
f 1280// 1296// 1297//
f 1280// 1297// 1281//
f 1260// 326// 325//
f 1260// 325// 1262//
f 1262// 325// 304//
f 1262// 304// 1264//
f 1264// 304// 303//
f 1264// 303// 1266//
f 1265// 1266// 294//
f 294// 1266// 303//
f 1265// 294// 310//
f 1265// 310// 1263//
f 1263// 310// 314//
f 1263// 314// 1261//
f 1261// 314// 313//
f 1261// 313// 1259//
f 1259// 313// 312//
f 1259// 312// 1257//
f 1257// 312// 345//
f 1257// 345// 1255//
f 1255// 345// 344//
f 1255// 344// 1253//
f 1253// 344// 343//
f 1253// 343// 1251//
f 1251// 343// 342//
f 1251// 342// 1249//
f 1249// 342// 341//
f 1249// 341// 1247//
f 1247// 341// 340//
f 1247// 340// 1233//
f 1289// 1233// 311//
f 311// 1233// 340//
f 1289// 311// 309//
f 1289// 309// 1290//
f 1290// 309// 308//
f 1290// 308// 1292//
f 1292// 308// 293//
f 1292// 293// 1294//
f 1294// 293// 295//
f 1294// 295// 1296//
f 1296// 295// 296//
f 1296// 296// 1297//
f 1297// 296// 329//
f 1297// 329// 1281//
f 1281// 329// 328//
f 1281// 328// 1283//
f 1283// 328// 302//
f 1283// 302// 1285//
f 1285// 302// 301//
f 1285// 301// 1287//
f 1287// 301// 316//
f 1287// 316// 1288//
f 1288// 316// 315//
f 1288// 315// 1268//
f 349// 1274// 350//
f 350// 1274// 1272//
f 350// 1272// 298//
f 298// 1272// 1270//
f 298// 1270// 299//
f 299// 1270// 1268//
f 299// 1268// 315//
f 1274// 349// 346//
f 1274// 346// 1276//
f 1276// 346// 291//
f 1276// 291// 1278//
f 291// 290// 1278//
f 1278// 290// 297//
f 1278// 297// 1279//
f 1279// 297// 319//
f 1279// 319// 1238//
f 1238// 319// 318//
f 1238// 318// 1236//
f 1231// 1236// 317//
f 317// 1236// 318//
f 1229// 1231// 292//
f 292// 1231// 317//
f 1230// 1229// 352//
f 352// 1229// 292//
f 1232// 1230// 337//
f 337// 1230// 352//
f 1232// 337// 324//
f 1232// 324// 1248//
f 1248// 324// 323//
f 1248// 323// 1250//
f 1250// 323// 321//
f 1250// 321// 1252//
f 1252// 321// 320//
f 1252// 320// 1254//
f 1254// 320// 305//
f 1254// 305// 1256//
f 1256// 305// 327//
f 1256// 327// 1258//
f 1258// 327// 326//
f 1258// 326// 1260//
f 1291// 1298// 1299//
f 1291// 1299// 1234//
f 1234// 1299// 1300//
f 1234// 1300// 1235//
f 1235// 1300// 1301//
f 1235// 1301// 1240//
f 1282// 1302// 1303//
f 1282// 1303// 1280//
f 1280// 1303// 1304//
f 1280// 1304// 1295//
f 1295// 1304// 1305//
f 1295// 1305// 1293//
f 1293// 1305// 1298//
f 1293// 1298// 1291//
f 1269// 1306// 1307//
f 1269// 1307// 1267//
f 1267// 1307// 1308//
f 1267// 1308// 1286//
f 1286// 1308// 1309//
f 1286// 1309// 1284//
f 1284// 1309// 1302//
f 1284// 1302// 1282//
f 1275// 1310// 1311//
f 1275// 1311// 1273//
f 1273// 1311// 1312//
f 1273// 1312// 1271//
f 1271// 1312// 1306//
f 1271// 1306// 1269//
f 1246// 1313// 1314//
f 1246// 1314// 1237//
f 1237// 1314// 1315//
f 1237// 1315// 1239//
f 1239// 1315// 1316//
f 1239// 1316// 1277//
f 1277// 1316// 1310//
f 1277// 1310// 1275//
f 1242// 1317// 1318//
f 1242// 1318// 1243//
f 1243// 1318// 1319//
f 1243// 1319// 1244//
f 1244// 1319// 1320//
f 1244// 1320// 1245//
f 1245// 1320// 1313//
f 1245// 1313// 1246//
f 1242// 1241// 1317//
f 1317// 1241// 1321//
f 1241// 1240// 1321//
f 1321// 1240// 1301//
usemtl 1
f 1321// 1301// 1317//
f 1317// 1301// 1300//
f 1300// 1299// 1317//
f 1317// 1299// 1298//
f 1317// 1298// 1318//
f 1318// 1298// 1319//
f 1319// 1298// 1305//
f 1319// 1305// 1320//
f 1307// 1306// 1314//
f 1307// 1314// 1308//
f 1315// 1314// 1316//
f 1316// 1314// 1310//
f 1305// 1304// 1320//
f 1320// 1304// 1303//
f 1320// 1303// 1313//
f 1313// 1303// 1302//
f 1313// 1302// 1314//
f 1314// 1302// 1309//
f 1314// 1309// 1308//
f 1306// 1312// 1314//
f 1314// 1312// 1311//
f 1314// 1311// 1310//
usemtl 5
f 331// 1322// 1323//
f 1324// 398// 395//
f 1324// 395// 1325//
f 1325// 395// 334//
f 1325// 334// 1323//
f 1323// 334// 333//
f 1323// 333// 331//
f 1326// 1322// 351//
f 351// 1322// 331//
f 1326// 351// 1327//
f 1327// 351// 353//
f 357// 1328// 356//
f 356// 1328// 1327//
f 356// 1327// 355//
f 355// 1327// 353//
f 1328// 357// 1329//
f 1329// 357// 5//
f 5// 4// 1329//
f 1329// 4// 376//
f 1329// 376// 1330//
f 1330// 376// 375//
f 1330// 375// 1331//
f 1331// 375// 365//
f 1331// 365// 1332//
f 1332// 365// 364//
f 1332// 364// 1333//
f 1333// 364// 363//
f 1333// 363// 1334//
f 1334// 363// 374//
f 1334// 374// 1335//
f 1335// 374// 373//
f 1335// 373// 1336//
f 1336// 373// 372//
f 1336// 372// 1337//
f 1337// 372// 371//
f 1337// 371// 1338//
f 1338// 371// 391//
f 1338// 391// 1339//
f 1339// 391// 390//
f 1339// 390// 1340//
f 1340// 390// 388//
f 1340// 388// 1341//
f 1341// 388// 386//
f 1341// 386// 1342//
f 1342// 386// 385//
f 1342// 385// 1343//
f 1343// 385// 384//
f 1343// 384// 1344//
f 1344// 384// 383//
f 1344// 383// 1345//
f 1345// 383// 382//
f 1345// 382// 1346//
f 1346// 382// 379//
f 1346// 379// 1347//
f 1347// 379// 394//
f 1347// 394// 1348//
f 1348// 394// 393//
f 1348// 393// 1349//
f 1349// 393// 392//
f 1349// 392// 1350//
f 1350// 392// 381//
f 1350// 381// 1351//
f 1351// 381// 380//
f 1351// 380// 1352//
f 1352// 380// 378//
f 1352// 378// 1353//
f 1353// 378// 377//
f 1353// 377// 1354//
f 1354// 377// 387//
f 1354// 387// 1355//
f 1355// 387// 389//
f 1355// 389// 1356//
f 1356// 389// 360//
f 1356// 360// 1357//
f 1358// 1357// 359//
f 359// 1357// 360//
f 1358// 359// 370//
f 1358// 370// 1359//
f 1359// 370// 368//
f 1359// 368// 1360//
f 1360// 368// 367//
f 1360// 367// 1361//
f 1361// 367// 362//
f 1361// 362// 1362//
f 1362// 362// 361//
f 1362// 361// 1363//
f 1363// 361// 1364//
f 1364// 361// 366//
f 366// 307// 1364//
f 1364// 307// 306//
f 1364// 306// 1365//
f 1365// 306// 322//
f 1365// 322// 1366//
f 1366// 322// 339//
f 1366// 339// 1367//
f 1367// 339// 338//
f 1367// 338// 1368//
f 1368// 338// 336//
f 1368// 336// 1369//
f 1369// 336// 335//
f 1369// 335// 1370//
f 396// 1371// 1372//
f 1370// 335// 330//
f 1370// 330// 1373//
f 1373// 330// 332//
f 1373// 332// 1372//
f 1372// 332// 397//
f 1372// 397// 396//
f 1371// 396// 400//
f 1371// 400// 1374//
f 1374// 400// 411//
f 1374// 411// 1375//
f 1375// 411// 410//
f 1375// 410// 1376//
f 1376// 410// 409//
f 1376// 409// 1377//
f 1377// 409// 403//
f 1377// 403// 1378//
f 1378// 403// 402//
f 1378// 402// 1379//
f 1379// 402// 408//
f 1379// 408// 1380//
f 1380// 408// 407//
f 1380// 407// 1381//
f 1381// 407// 406//
f 1381// 406// 1382//
f 1382// 406// 405//
f 1382// 405// 1383//
f 1383// 405// 404//
f 1383// 404// 1384//
f 1384// 404// 401//
f 1384// 401// 1385//
f 1385// 401// 399//
f 1385// 399// 1386//
f 1386// 399// 398//
f 1386// 398// 1324//
f 1350// 1351// 1362//
f 1362// 1351// 1361//
f 1374// 1341// 1371//
f 1371// 1341// 1342//
f 1330// 1331// 1382//
f 1382// 1331// 1332//
f 1382// 1332// 1381//
f 1381// 1332// 1333//
f 1381// 1333// 1380//
f 1380// 1333// 1334//
f 1380// 1334// 1379//
f 1379// 1334// 1335//
f 1379// 1335// 1378//
f 1378// 1335// 1336//
f 1378// 1336// 1377//
f 1377// 1336// 1337//
f 1377// 1337// 1376//
f 1376// 1337// 1338//
f 1376// 1338// 1375//
f 1375// 1338// 1339//
f 1375// 1339// 1374//
f 1374// 1339// 1340//
f 1374// 1340// 1341//
f 1328// 1324// 1327//
f 1327// 1324// 1325//
f 1327// 1325// 1326//
f 1326// 1325// 1323//
f 1326// 1323// 1322//
f 1351// 1352// 1361//
f 1361// 1352// 1353//
f 1361// 1353// 1360//
f 1360// 1353// 1354//
f 1360// 1354// 1359//
f 1359// 1354// 1355//
f 1359// 1355// 1358//
f 1358// 1355// 1356//
f 1358// 1356// 1357//
f 1382// 1383// 1330//
f 1330// 1383// 1384//
f 1330// 1384// 1329//
f 1329// 1384// 1385//
f 1329// 1385// 1328//
f 1328// 1385// 1386//
f 1328// 1386// 1324//
f 1362// 1363// 1350//
f 1350// 1363// 1364//
f 1350// 1364// 1349//
f 1349// 1364// 1365//
f 1349// 1365// 1348//
f 1348// 1365// 1366//
f 1348// 1366// 1347//
f 1347// 1366// 1367//
f 1347// 1367// 1346//
f 1346// 1367// 1368//
f 1346// 1368// 1345//
f 1345// 1368// 1369//
f 1345// 1369// 1344//
f 1344// 1369// 1370//
f 1344// 1370// 1343//
f 1343// 1370// 1373//
f 1343// 1373// 1342//
f 1342// 1373// 1372//
f 1342// 1372// 1371//
f 1387// 1388// 412//
f 412// 1388// 413//
f 1389// 1387// 420//
f 420// 1387// 412//
f 1389// 420// 421//
f 1389// 421// 1390//
f 1390// 421// 417//
f 1390// 417// 1391//
f 1392// 1391// 416//
f 416// 1391// 417//
f 1393// 1392// 415//
f 415// 1392// 416//
f 424// 1394// 419//
f 419// 1394// 1393//
f 419// 1393// 415//
f 1395// 1394// 423//
f 423// 1394// 424//
f 426// 1396// 422//
f 422// 1396// 1395//
f 422// 1395// 423//
f 430// 1397// 425//
f 425// 1397// 1396//
f 425// 1396// 426//
f 1397// 430// 428//
f 1397// 428// 1398//
f 1398// 428// 427//
f 1398// 427// 1399//
f 427// 442// 1399//
f 1399// 442// 441//
f 1399// 441// 1400//
f 1400// 441// 435//
f 1400// 435// 1401//
f 1401// 435// 434//
f 1401// 434// 1402//
f 1402// 434// 433//
f 1402// 433// 1403//
f 1403// 433// 431//
f 1403// 431// 1404//
f 1405// 1404// 432//
f 432// 1404// 431//
f 1405// 432// 440//
f 1405// 440// 1406//
f 1406// 440// 439//
f 1406// 439// 1407//
f 1407// 439// 437//
f 1407// 437// 1408//
f 1408// 437// 436//
f 1408// 436// 1409//
f 436// 449// 1409//
f 1409// 449// 448//
f 1409// 448// 1410//
f 1410// 448// 447//
f 1410// 447// 1411//
f 1411// 447// 444//
f 1411// 444// 1412//
f 1412// 444// 443//
f 1412// 443// 1413//
f 413// 1388// 446//
f 446// 1388// 1413//
f 446// 1413// 443//
f 1390// 1391// 1413//
f 1388// 1387// 1413//
f 1413// 1387// 1389//
f 1413// 1389// 1390//
f 1394// 1395// 1393//
f 1393// 1395// 1396//
f 1393// 1396// 1392//
f 1412// 1398// 1411//
f 1411// 1398// 1399//
f 1404// 1405// 1403//
f 1403// 1405// 1406//
f 1403// 1406// 1402//
f 1402// 1406// 1407//
f 1402// 1407// 1401//
f 1401// 1407// 1408//
f 1401// 1408// 1400//
f 1400// 1408// 1409//
f 1400// 1409// 1399//
f 1399// 1409// 1410//
f 1399// 1410// 1411//
f 1391// 1392// 1413//
f 1413// 1392// 1396//
f 1413// 1396// 1412//
f 1412// 1396// 1397//
f 1412// 1397// 1398//
f 1414// 1415// 457//
f 457// 1415// 459//
f 453// 1416// 452//
f 452// 1416// 1414//
f 452// 1414// 457//
f 1417// 1416// 451//
f 451// 1416// 453//
f 461// 1418// 450//
f 450// 1418// 1417//
f 450// 1417// 451//
f 1419// 1418// 462//
f 462// 1418// 461//
f 466// 1420// 463//
f 463// 1420// 1419//
f 463// 1419// 462//
f 1421// 1420// 465//
f 465// 1420// 466//
f 455// 1422// 464//
f 464// 1422// 1421//
f 464// 1421// 465//
f 1423// 1422// 454//
f 454// 1422// 455//
f 470// 1424// 471//
f 471// 1424// 1423//
f 471// 1423// 454//
f 1425// 1424// 468//
f 468// 1424// 470//
f 459// 1415// 467//
f 467// 1415// 1425//
f 467// 1425// 468//
f 1425// 1415// 1414//
f 1414// 1416// 1425//
f 1425// 1416// 1417//
f 1425// 1417// 1424//
f 1422// 1423// 1421//
f 1421// 1423// 1424//
f 1421// 1424// 1420//
f 1420// 1424// 1417//
f 1420// 1417// 1419//
f 1419// 1417// 1418//
f 1426// 1427// 1428//
f 1428// 1427// 1429//
f 1428// 1429// 1430//
f 1430// 1429// 1431//
f 1430// 1431// 1432//
f 1432// 1431// 1433//
f 1432// 1433// 1434//
f 1434// 1433// 1435//
f 1434// 1435// 1436//
f 1436// 1435// 1437//
f 1436// 1437// 1438//
f 1438// 1437// 1439//
f 1438// 1439// 1440//
f 1440// 1439// 1441//
f 1440// 1441// 1442//
f 1442// 1441// 1443//
f 1442// 1443// 1444//
f 1444// 1443// 1445//
f 1444// 1445// 1446//
f 1446// 1445// 1447//
f 1446// 1447// 1448//
f 1448// 1447// 1449//
f 1448// 1449// 1450//
f 1450// 1449// 1451//
f 1450// 1451// 1452//
f 1452// 1451// 1453//
f 1452// 1453// 1454//
f 1454// 1453// 1455//
f 1454// 1455// 1456//
f 1456// 1455// 1457//
f 1456// 1457// 1458//
f 1458// 1457// 1459//
f 1458// 1459// 1460//
f 1460// 1459// 1461//
f 1460// 1461// 1426//
f 1426// 1461// 1427//
f 1427// 1461// 515//
f 515// 1461// 514//
f 1427// 515// 516//
f 1427// 516// 1429//
f 1429// 516// 512//
f 1429// 512// 1431//
f 1431// 512// 511//
f 1431// 511// 1433//
f 1433// 511// 510//
f 1433// 510// 1435//
f 1435// 510// 509//
f 1435// 509// 1437//
f 1437// 509// 508//
f 1437// 508// 1439//
f 1439// 508// 507//
f 1439// 507// 1441//
f 1441// 507// 505//
f 1441// 505// 1443//
f 1443// 505// 504//
f 1443// 504// 1445//
f 1445// 504// 522//
f 1445// 522// 1447//
f 1447// 522// 521//
f 1447// 521// 1449//
f 1449// 521// 520//
f 1449// 520// 1451//
f 1451// 520// 519//
f 1451// 519// 1453//
f 1453// 519// 518//
f 1453// 518// 1455//
f 1455// 518// 517//
f 1455// 517// 1457//
f 1459// 1457// 513//
f 513// 1457// 517//
f 1461// 1459// 514//
f 514// 1459// 513//
f 1456// 1458// 1462//
f 1462// 1458// 1463//
f 1458// 1460// 1463//
f 1463// 1460// 1464//
f 1460// 1426// 1464//
f 1464// 1426// 1465//
f 1434// 1466// 1467//
f 1434// 1467// 1432//
f 1432// 1467// 1468//
f 1432// 1468// 1430//
f 1430// 1468// 1469//
f 1430// 1469// 1428//
f 1428// 1469// 1465//
f 1428// 1465// 1426//
f 1442// 1470// 1471//
f 1442// 1471// 1440//
f 1440// 1471// 1472//
f 1440// 1472// 1438//
f 1438// 1472// 1473//
f 1438// 1473// 1436//
f 1436// 1473// 1466//
f 1436// 1466// 1434//
f 1450// 1474// 1475//
f 1450// 1475// 1448//
f 1448// 1475// 1476//
f 1448// 1476// 1446//
f 1446// 1476// 1477//
f 1446// 1477// 1444//
f 1444// 1477// 1470//
f 1444// 1470// 1442//
f 1456// 1462// 1478//
f 1456// 1478// 1454//
f 1454// 1478// 1479//
f 1454// 1479// 1452//
f 1452// 1479// 1474//
f 1452// 1474// 1450//
usemtl 1
f 1463// 1464// 1462//
f 1462// 1464// 1465//
f 1462// 1465// 1469//
f 1469// 1468// 1462//
f 1462// 1468// 1467//
f 1462// 1467// 1466//
f 1466// 1473// 1462//
f 1462// 1473// 1472//
f 1462// 1472// 1471//
f 1471// 1470// 1462//
f 1462// 1470// 1477//
f 1462// 1477// 1476//
f 1476// 1475// 1462//
f 1462// 1475// 1474//
f 1462// 1474// 1478//
f 1478// 1474// 1479//
usemtl 5
f 1480// 1481// 1482//
f 1482// 1481// 1483//
f 1484// 1485// 1480//
f 1480// 1485// 1486//
f 1480// 1486// 1481//
f 1481// 1486// 1487//
f 1484// 1488// 1485//
f 1485// 1488// 1489//
f 1485// 1489// 1490//
f 1490// 1489// 1491//
f 1490// 1491// 1492//
f 1492// 1493// 1490//
f 1490// 1493// 1482//
f 1490// 1482// 1494//
f 1494// 1482// 1483//
f 1494// 1483// 1495//
f 1490// 1494// 502//
f 502// 1494// 500//
f 1485// 1490// 506//
f 506// 1490// 502//
f 1486// 1485// 496//
f 496// 1485// 506//
f 1487// 1486// 495//
f 495// 1486// 496//
f 1481// 1487// 499//
f 499// 1487// 495//
f 1483// 1481// 498//
f 498// 1481// 499//
f 1495// 1483// 497//
f 497// 1483// 498//
f 1494// 1495// 500//
f 500// 1495// 497//
f 1480// 1482// 1496//
f 1496// 1482// 1497//
f 1482// 1493// 1497//
f 1497// 1493// 1498//
f 1491// 1499// 1500//
f 1491// 1500// 1492//
f 1492// 1500// 1498//
f 1492// 1498// 1493//
f 1491// 1489// 1499//
f 1499// 1489// 1501//
f 1484// 1502// 1503//
f 1484// 1503// 1488//
f 1488// 1503// 1501//
f 1488// 1501// 1489//
f 1484// 1480// 1502//
f 1502// 1480// 1496//
usemtl 1
f 1499// 1501// 1500//
f 1500// 1501// 1503//
f 1500// 1503// 1498//
f 1498// 1503// 1502//
f 1498// 1502// 1497//
f 1497// 1502// 1496//
usemtl 5
f 1504// 1505// 1506//
f 1507// 1508// 1509//
f 1510// 1511// 1512//
f 1513// 1506// 1514//
f 1514// 1506// 1515//
f 1516// 1517// 1518//
f 1509// 1508// 1519//
f 1520// 1521// 1522//
f 1522// 1521// 1523//
f 1522// 1523// 1524//
f 1525// 1526// 1522//
f 1522// 1526// 1527//
f 1522// 1527// 1520//
f 1520// 1527// 1528//
f 1506// 1505// 1529//
f 1529// 1505// 1530//
f 1529// 1530// 1531//
f 1531// 1530// 1532//
f 1531// 1532// 1533//
f 1533// 1532// 1534//
f 1533// 1534// 1535//
f 1516// 1518// 1536//
f 1534// 1537// 1535//
f 1535// 1537// 1518//
f 1535// 1518// 1538//
f 1538// 1518// 1517//
f 1524// 1539// 1522//
f 1522// 1539// 1540//
f 1522// 1540// 1541//
f 1541// 1540// 1542//
f 1543// 1544// 1545//
f 1545// 1544// 1546//
f 1545// 1546// 1547//
f 1547// 1546// 1548//
f 1547// 1548// 1549//
f 1549// 1548// 1550//
f 1510// 1512// 1551//
f 1551// 1512// 1552//
f 1551// 1552// 1553//
f 1553// 1552// 1554//
f 1553// 1554// 1555//
f 1556// 1557// 1506//
f 1506// 1557// 1558//
f 1506// 1558// 1515//
f 1508// 1559// 1519//
f 1519// 1559// 1560//
f 1519// 1560// 1561//
f 1561// 1560// 1562//
f 1561// 1562// 1510//
f 1510// 1562// 1563//
f 1510// 1563// 1511//
f 1528// 1527// 1518//
f 1518// 1527// 1564//
f 1518// 1564// 1536//
f 1548// 1565// 1550//
f 1550// 1565// 1566//
f 1550// 1566// 1567//
f 1567// 1566// 1568//
f 1567// 1568// 1569//
f 1569// 1568// 1570//
f 1571// 1572// 1573//
f 1573// 1572// 1574//
f 1573// 1574// 1575//
f 1575// 1574// 1576//
f 1575// 1576// 1577//
f 1577// 1576// 1578//
f 1577// 1578// 1579//
f 1579// 1578// 1580//
f 1579// 1580// 1581//
f 1509// 1582// 1507//
f 1507// 1582// 1583//
f 1507// 1583// 1584//
f 1584// 1583// 1585//
f 1584// 1585// 1586//
f 1586// 1585// 1587//
f 1586// 1587// 1588//
f 1568// 1589// 1570//
f 1570// 1589// 1590//
f 1570// 1590// 1591//
f 1591// 1590// 1592//
f 1591// 1592// 1593//
f 1593// 1592// 1594//
f 1593// 1594// 1571//
f 1571// 1594// 1595//
f 1571// 1595// 1572//
f 1596// 1597// 1598//
f 1598// 1597// 1599//
f 1598// 1599// 1545//
f 1545// 1599// 1600//
f 1545// 1600// 1543//
f 1601// 1513// 1602//
f 1602// 1513// 1603//
f 1602// 1603// 1604//
f 1604// 1603// 1605//
f 1604// 1605// 1606//
f 1606// 1605// 1607//
f 1606// 1607// 1608//
f 1608// 1607// 1609//
f 1608// 1609// 1610//
f 1610// 1609// 1611//
f 1610// 1611// 1612//
f 1612// 1611// 1613//
f 1612// 1613// 1614//
f 1614// 1613// 1615//
f 1614// 1615// 1616//
f 1616// 1615// 1617//
f 1616// 1617// 1542//
f 1542// 1617// 1618//
f 1542// 1618// 1541//
f 1555// 1554// 1619//
f 1619// 1554// 1620//
f 1619// 1620// 1621//
f 1621// 1620// 1622//
f 1621// 1622// 1623//
f 1623// 1622// 1624//
f 1623// 1624// 1625//
f 1625// 1624// 1626//
f 1625// 1626// 1596//
f 1596// 1626// 1627//
f 1596// 1627// 1597//
f 1601// 1628// 1513//
f 1513// 1628// 1629//
f 1513// 1629// 1506//
f 1506// 1629// 1630//
f 1506// 1630// 1504//
f 1631// 1632// 1633//
f 1587// 1634// 1588//
f 1588// 1634// 1635//
f 1588// 1635// 1636//
f 1636// 1635// 1637//
f 1636// 1637// 1638//
f 1638// 1637// 1639//
f 1638// 1639// 1640//
f 1640// 1639// 1641//
f 1640// 1641// 1642//
f 1642// 1641// 1643//
f 1642// 1643// 1556//
f 1556// 1643// 1644//
f 1556// 1644// 1557//
f 1580// 1645// 1581//
f 1581// 1645// 1631//
f 1581// 1631// 1646//
f 1646// 1631// 1633//
f 1647// 1648// 1631//
f 1631// 1648// 1649//
f 1631// 1649// 1632//
f 1650// 1651// 1652//
f 1651// 1653// 1652//
f 1652// 1653// 1654//
f 1652// 1654// 1655//
f 1647// 1631// 1652//
f 1652// 1631// 1656//
f 1652// 1656// 1650//
f 158// 1550// 159//
f 159// 1550// 1567//
f 159// 1567// 160//
f 160// 1567// 1569//
f 160// 1569// 68//
f 68// 1569// 1570//
f 68// 1570// 69//
f 158// 11// 1550//
f 1550// 11// 10//
f 1550// 10// 1549//
f 1549// 10// 19//
f 1549// 19// 1547//
f 1547// 19// 18//
f 1547// 18// 1545//
f 1545// 18// 17//
f 1545// 17// 1598//
f 1598// 17// 16//
f 1598// 16// 1596//
f 1625// 1596// 15//
f 15// 1596// 16//
f 15// 14// 1625//
f 1625// 14// 20//
f 1625// 20// 1623//
f 1623// 20// 22//
f 1623// 22// 1621//
f 1621// 22// 23//
f 1621// 23// 1619//
f 1619// 23// 24//
f 1619// 24// 1555//
f 1555// 24// 1553//
f 1553// 24// 26//
f 1553// 26// 28//
f 1553// 28// 31//
f 1553// 31// 1551//
f 1551// 31// 33//
f 1551// 33// 1510//
f 1510// 33// 32//
f 1510// 32// 1561//
f 1561// 32// 30//
f 1561// 30// 1519//
f 1519// 30// 29//
f 1519// 29// 1509//
f 1509// 29// 36//
f 1509// 36// 1582//
f 1582// 36// 35//
f 1582// 35// 1583//
f 1583// 35// 34//
f 1583// 34// 1585//
f 49// 1637// 1635//
f 1585// 34// 42//
f 1585// 42// 1587//
f 1587// 42// 41//
f 1587// 41// 1634//
f 41// 40// 1634//
f 1634// 40// 39//
f 1634// 39// 1635//
f 1635// 39// 50//
f 1635// 50// 49//
f 1637// 49// 48//
f 1637// 48// 1639//
f 1639// 48// 47//
f 1639// 47// 1641//
f 1641// 47// 46//
f 1641// 46// 1643//
f 1643// 46// 44//
f 1643// 44// 1644//
f 1644// 44// 43//
f 1644// 43// 1557//
f 1557// 43// 51//
f 1557// 51// 1558//
f 1558// 51// 52//
f 1558// 52// 1515//
f 52// 53// 1515//
f 1515// 53// 54//
f 1515// 54// 1514//
f 1514// 54// 55//
f 1514// 55// 1513//
f 1513// 55// 8//
f 1513// 8// 1603//
f 8// 7// 1603//
f 1603// 7// 60//
f 1603// 60// 1605//
f 1605// 60// 59//
f 1605// 59// 1607//
f 113// 1541// 1618//
f 1607// 59// 57//
f 1607// 57// 1609//
f 1609// 57// 56//
f 1609// 56// 1611//
f 56// 67// 1611//
f 1611// 67// 66//
f 1611// 66// 1613//
f 1613// 66// 65//
f 1613// 65// 1615//
f 1615// 65// 63//
f 1615// 63// 1617//
f 1617// 63// 62//
f 1617// 62// 1618//
f 1618// 62// 112//
f 1618// 112// 113//
f 1522// 1541// 98//
f 98// 1541// 113//
f 1525// 1522// 73//
f 73// 1522// 98//
f 1526// 1525// 75//
f 75// 1525// 73//
f 1527// 1526// 74//
f 74// 1526// 75//
f 1527// 74// 76//
f 1527// 76// 1564//
f 1564// 76// 77//
f 1564// 77// 1536//
f 1536// 77// 116//
f 1536// 116// 1516//
f 1516// 116// 115//
f 1516// 115// 1517//
f 1517// 115// 114//
f 1517// 114// 1538//
f 1538// 114// 95//
f 1538// 95// 1535//
f 1535// 95// 94//
f 1535// 94// 1533//
f 1533// 94// 92//
f 1533// 92// 1531//
f 1531// 92// 103//
f 1531// 103// 1529//
f 1529// 103// 105//
f 1529// 105// 1506//
f 1506// 105// 104//
f 1506// 104// 1556//
f 1556// 104// 102//
f 1556// 102// 1642//
f 1642// 102// 101//
f 1642// 101// 1640//
f 1640// 101// 91//
f 1640// 91// 1638//
f 1638// 91// 93//
f 1638// 93// 1636//
f 1636// 93// 85//
f 1636// 85// 1588//
f 1588// 85// 130//
f 1588// 130// 129//
f 143// 1584// 129//
f 129// 1584// 1586//
f 129// 1586// 1588//
f 143// 157// 1584//
f 1584// 157// 156//
f 1584// 156// 1507//
f 1507// 156// 155//
f 1507// 155// 1508//
f 1508// 155// 149//
f 1508// 149// 1559//
f 1559// 149// 148//
f 1559// 148// 1560//
f 1560// 148// 147//
f 1560// 147// 1562//
f 1562// 147// 144//
f 1562// 144// 1563//
f 1563// 144// 139//
f 1563// 139// 1511//
f 1511// 139// 142//
f 1511// 142// 1512//
f 1512// 142// 150//
f 1512// 150// 1552//
f 1552// 150// 152//
f 1552// 152// 1554//
f 1554// 152// 154//
f 1554// 154// 1620//
f 1620// 154// 153//
f 1620// 153// 1622//
f 1622// 153// 151//
f 1622// 151// 1624//
f 1624// 151// 141//
f 1624// 141// 1626//
f 1626// 141// 140//
f 1626// 140// 1627//
f 1627// 140// 138//
f 1627// 138// 1597//
f 1597// 138// 137//
f 1597// 137// 1599//
f 1599// 137// 146//
f 1599// 146// 1600//
f 1600// 146// 1543//
f 1543// 146// 145//
f 1543// 145// 131//
f 1544// 1543// 132//
f 132// 1543// 131//
f 1544// 132// 136//
f 1544// 136// 1546//
f 1546// 136// 135//
f 1546// 135// 1548//
f 1548// 135// 134//
f 1548// 134// 1565//
f 1565// 134// 133//
f 1565// 133// 1566//
f 1566// 133// 84//
f 1566// 84// 1568//
f 84// 83// 1568//
f 1568// 83// 82//
f 1568// 82// 1589//
f 1589// 82// 120//
f 1589// 120// 1590//
f 1590// 120// 119//
f 1590// 119// 1592//
f 1592// 119// 118//
f 1592// 118// 1594//
f 1594// 118// 117//
f 1594// 117// 1595//
f 1595// 117// 128//
f 1595// 128// 1572//
f 1572// 128// 127//
f 1572// 127// 1574//
f 1574// 127// 126//
f 1574// 126// 1576//
f 1576// 126// 125//
f 1576// 125// 1578//
f 1580// 1578// 124//
f 124// 1578// 125//
f 1580// 124// 89//
f 1580// 89// 1645//
f 1645// 89// 88//
f 1645// 88// 1631//
f 1631// 88// 87//
f 1631// 87// 1656//
f 1656// 87// 72//
f 1656// 72// 1650//
f 1650// 72// 71//
f 1650// 71// 1651//
f 1651// 71// 78//
f 1651// 78// 1653//
f 1653// 78// 100//
f 1653// 100// 1654//
f 1654// 100// 99//
f 1654// 99// 1655//
f 1655// 99// 97//
f 1655// 97// 1652//
f 1652// 97// 96//
f 1652// 96// 1647//
f 1647// 96// 111//
f 1647// 111// 1648//
f 1648// 111// 110//
f 1648// 110// 1649//
f 1649// 110// 109//
f 1649// 109// 1632//
f 1632// 109// 108//
f 1632// 108// 1633//
f 1633// 108// 107//
f 1633// 107// 1646//
f 1646// 107// 106//
f 1646// 106// 1581//
f 1581// 106// 123//
f 1581// 123// 1579//
f 1577// 1579// 122//
f 122// 1579// 123//
f 1577// 122// 121//
f 1577// 121// 1575//
f 1575// 121// 80//
f 1575// 80// 1573//
f 1573// 80// 79//
f 1573// 79// 1571//
f 1571// 79// 86//
f 1571// 86// 1593//
f 1593// 86// 90//
f 1593// 90// 1591//
f 1591// 90// 69//
f 1591// 69// 1570//
f 1528// 1657// 1658//
f 1528// 1658// 1520//
f 1520// 1658// 1659//
f 1520// 1659// 1521//
f 1521// 1659// 1660//
f 1521// 1660// 1523//
f 1523// 1660// 1661//
f 1523// 1661// 1524//
f 1524// 1661// 1662//
f 1524// 1662// 1539//
f 1539// 1662// 1663//
f 1539// 1663// 1540//
f 1540// 1663// 1664//
f 1540// 1664// 1542//
f 1542// 1664// 1665//
f 1542// 1665// 1616//
f 1616// 1665// 1666//
f 1616// 1666// 1614//
f 1614// 1666// 1667//
f 1614// 1667// 1612//
f 1612// 1667// 1668//
f 1612// 1668// 1610//
f 1610// 1668// 1669//
f 1610// 1669// 1608//
f 1608// 1669// 1670//
f 1608// 1670// 1606//
f 1606// 1670// 1671//
f 1606// 1671// 1604//
f 1604// 1671// 1672//
f 1604// 1672// 1602//
f 1602// 1672// 1673//
f 1602// 1673// 1601//
f 1601// 1673// 1674//
f 1601// 1674// 1628//
f 1628// 1674// 1675//
f 1628// 1675// 1629//
f 1629// 1675// 1676//
f 1629// 1676// 1630//
f 1630// 1676// 1677//
f 1630// 1677// 1504//
f 1504// 1677// 1678//
f 1504// 1678// 1505//
f 1505// 1678// 1679//
f 1505// 1679// 1530//
f 1530// 1679// 1680//
f 1530// 1680// 1532//
f 1532// 1680// 1681//
f 1532// 1681// 1534//
f 1534// 1681// 1682//
f 1534// 1682// 1537//
f 1537// 1682// 1683//
f 1537// 1683// 1518//
f 1518// 1683// 1657//
f 1518// 1657// 1528//
usemtl 1
f 1671// 1681// 1680//
f 1669// 1668// 1658//
f 1657// 1683// 1671//
f 1671// 1683// 1682//
f 1671// 1682// 1681//
f 1676// 1675// 1680//
f 1680// 1675// 1674//
f 1657// 1671// 1658//
f 1658// 1671// 1670//
f 1658// 1670// 1669//
f 1679// 1678// 1680//
f 1680// 1678// 1677//
f 1680// 1677// 1676//
f 1674// 1673// 1680//
f 1680// 1673// 1672//
f 1680// 1672// 1671//
f 1668// 1667// 1658//
f 1658// 1667// 1666//
f 1658// 1666// 1665//
f 1665// 1664// 1658//
f 1658// 1664// 1663//
f 1658// 1663// 1662//
f 1662// 1661// 1658//
f 1658// 1661// 1660//
f 1658// 1660// 1659//
